direction,repeat_id,model,MSE,RMSE,R2,tau_sr,tau_tr_stage1,tau_tr_stage2,tau_pr,alpha_sl,alpha_tl_stage1,alpha_tl_stage2,ada_theta,config,p,whiten,offset
A_target_is_X,1000,single_ridge,23.389726454016525,4.836292635275137,0.9512732466294607,0.01,0.01,0.1,0.01,0.1,0.03162277660168379,0.31622776601683794,1.0,main,163,True,0
A_target_is_X,1000,transfer_ridge,20.034551157074226,4.475997224873383,0.9582629307341656,0.01,0.01,0.1,0.01,0.1,0.03162277660168379,0.31622776601683794,1.0,main,163,True,0
A_target_is_X,1000,transfer_ridge_ada,20.034551157074226,4.475997224873383,0.9582629307341656,0.01,0.01,0.1,0.01,0.1,0.03162277660168379,0.31622776601683794,1.0,main,163,True,0
A_target_is_X,1000,pooled_ridge,27.50809409222675,5.244815925485541,0.9426936386297349,0.01,0.01,0.1,0.01,0.1,0.03162277660168379,0.31622776601683794,1.0,main,163,True,0
A_target_is_X,1000,single_lasso,42.6947378685352,6.534121047894292,0.9110559943302503,0.01,0.01,0.1,0.01,0.1,0.03162277660168379,0.31622776601683794,1.0,main,163,True,0
A_target_is_X,1000,transfer_lasso,27.768316694848856,5.269565133371905,0.9421515287164643,0.01,0.01,0.1,0.01,0.1,0.03162277660168379,0.31622776601683794,1.0,main,163,True,0
A_target_is_X,1001,single_ridge,36.3509935249317,6.029178511615965,0.9242716284114878,0.01,0.01,0.1,0.01,0.1,0.1,0.1,1.0,main,163,True,0
A_target_is_X,1001,transfer_ridge,22.6213802670586,4.75619388451087,0.9528739072968138,0.01,0.01,0.1,0.01,0.1,0.1,0.1,1.0,main,163,True,0
A_target_is_X,1001,transfer_ridge_ada,22.6213802670586,4.75619388451087,0.9528739072968138,0.01,0.01,0.1,0.01,0.1,0.1,0.1,1.0,main,163,True,0
A_target_is_X,1001,pooled_ridge,26.253258619227896,5.123793381785403,0.9453077803014481,0.01,0.01,0.1,0.01,0.1,0.1,0.1,1.0,main,163,True,0
A_target_is_X,1001,single_lasso,48.99147672640314,6.999391168266219,0.8979382846396637,0.01,0.01,0.1,0.01,0.1,0.1,0.1,1.0,main,163,True,0
A_target_is_X,1001,transfer_lasso,29.198136504494087,5.403530004033852,0.9391728501344012,0.01,0.01,0.1,0.01,0.1,0.1,0.1,1.0,main,163,True,0
A_target_is_X,1002,single_ridge,216.46800569968528,14.712851718809826,0.5490420485644552,0.03162277660168379,0.01,0.1,0.01,0.03162277660168379,0.1,0.31622776601683794,1.0,main,163,True,0
A_target_is_X,1002,transfer_ridge,22.57889457445559,4.751725431299202,0.9529624158079891,0.03162277660168379,0.01,0.1,0.01,0.03162277660168379,0.1,0.31622776601683794,1.0,main,163,True,0
A_target_is_X,1002,transfer_ridge_ada,22.57889457445559,4.751725431299202,0.9529624158079891,0.03162277660168379,0.01,0.1,0.01,0.03162277660168379,0.1,0.31622776601683794,1.0,main,163,True,0
A_target_is_X,1002,pooled_ridge,25.92940497017715,5.092092396076209,0.9459824498798405,0.03162277660168379,0.01,0.1,0.01,0.03162277660168379,0.1,0.31622776601683794,1.0,main,163,True,0
A_target_is_X,1002,single_lasso,210.80668429499195,14.519183320524332,0.5608360219732582,0.03162277660168379,0.01,0.1,0.01,0.03162277660168379,0.1,0.31622776601683794,1.0,main,163,True,0
A_target_is_X,1002,transfer_lasso,35.79133810446947,5.982586238782477,0.9254375330961347,0.03162277660168379,0.01,0.1,0.01,0.03162277660168379,0.1,0.31622776601683794,1.0,main,163,True,0
A_target_is_X,1003,single_ridge,27.73902514178159,5.26678508596863,0.9422125504768066,0.01,0.01,0.1,0.01,0.01,0.03162277660168379,0.1,1.0,main,163,True,0
A_target_is_X,1003,transfer_ridge,20.230414125420136,4.497823265249552,0.957854898319944,0.01,0.01,0.1,0.01,0.01,0.03162277660168379,0.1,1.0,main,163,True,0
A_target_is_X,1003,transfer_ridge_ada,20.230414125420136,4.497823265249552,0.957854898319944,0.01,0.01,0.1,0.01,0.01,0.03162277660168379,0.1,1.0,main,163,True,0
A_target_is_X,1003,pooled_ridge,26.49025824454996,5.146868780583974,0.9448140497606193,0.01,0.01,0.1,0.01,0.01,0.03162277660168379,0.1,1.0,main,163,True,0
A_target_is_X,1003,single_lasso,32.950844854520724,5.7402826458738705,0.9313550034997771,0.01,0.01,0.1,0.01,0.01,0.03162277660168379,0.1,1.0,main,163,True,0
A_target_is_X,1003,transfer_lasso,30.8768736830297,5.556696292135256,0.9356756133183455,0.01,0.01,0.1,0.01,0.01,0.03162277660168379,0.1,1.0,main,163,True,0
A_target_is_X,1004,single_ridge,40.981356136088735,6.401668230710549,0.9146254045698544,0.01,0.01,0.1,0.01,0.03162277660168379,0.03162277660168379,0.1,1.0,main,163,True,0
A_target_is_X,1004,transfer_ridge,23.01433612005397,4.797325934315279,0.9520552802396715,0.01,0.01,0.1,0.01,0.03162277660168379,0.03162277660168379,0.1,1.0,main,163,True,0
A_target_is_X,1004,transfer_ridge_ada,23.01433612005397,4.797325934315279,0.9520552802396715,0.01,0.01,0.1,0.01,0.03162277660168379,0.03162277660168379,0.1,1.0,main,163,True,0
A_target_is_X,1004,pooled_ridge,26.003465711863914,5.0993593432767526,0.9458281625049239,0.01,0.01,0.1,0.01,0.03162277660168379,0.03162277660168379,0.1,1.0,main,163,True,0
A_target_is_X,1004,single_lasso,80.50308067666144,8.972350900219041,0.8322915932594541,0.01,0.01,0.1,0.01,0.03162277660168379,0.03162277660168379,0.1,1.0,main,163,True,0
A_target_is_X,1004,transfer_lasso,42.71030227592163,6.535311949396267,0.9110235697082023,0.01,0.01,0.1,0.01,0.03162277660168379,0.03162277660168379,0.1,1.0,main,163,True,0
A_target_is_X,1005,single_ridge,51.671898532450825,7.188316808019164,0.8923542837951445,0.01,0.01,0.1,0.01,0.1,0.1,0.31622776601683794,0.9,main,163,True,0
A_target_is_X,1005,transfer_ridge,21.432739215657854,4.629550649432173,0.9553501491404954,0.01,0.01,0.1,0.01,0.1,0.1,0.31622776601683794,0.9,main,163,True,0
A_target_is_X,1005,transfer_ridge_ada,22.21970093105682,4.713777777012491,0.9537107075893645,0.01,0.01,0.1,0.01,0.1,0.1,0.31622776601683794,0.9,main,163,True,0
A_target_is_X,1005,pooled_ridge,27.46127352025883,5.240350515018898,0.9427911777979433,0.01,0.01,0.1,0.01,0.1,0.1,0.31622776601683794,0.9,main,163,True,0
A_target_is_X,1005,single_lasso,267.8078784412527,16.364836645724658,0.4420880265894078,0.01,0.01,0.1,0.01,0.1,0.1,0.31622776601683794,0.9,main,163,True,0
A_target_is_X,1005,transfer_lasso,33.55854024477079,5.792973350946022,0.9300890193309009,0.01,0.01,0.1,0.01,0.1,0.1,0.31622776601683794,0.9,main,163,True,0
A_target_is_X,1006,single_ridge,26.931914019046577,5.189596710636249,0.9438939683718575,0.01,0.0031622776601683794,0.1,0.01,0.01,0.1,0.1,0.9,main,163,True,0
A_target_is_X,1006,transfer_ridge,22.397691468385936,4.732619937031278,0.9533399079978525,0.01,0.0031622776601683794,0.1,0.01,0.01,0.1,0.1,0.9,main,163,True,0
A_target_is_X,1006,transfer_ridge_ada,21.81696936160833,4.670863877443693,0.9545496999519997,0.01,0.0031622776601683794,0.1,0.01,0.01,0.1,0.1,0.9,main,163,True,0
A_target_is_X,1006,pooled_ridge,26.656263914809283,5.1629704545745065,0.9444682176976091,0.01,0.0031622776601683794,0.1,0.01,0.01,0.1,0.1,0.9,main,163,True,0
A_target_is_X,1006,single_lasso,33.77384018165326,5.811526493241966,0.9296404947641093,0.01,0.0031622776601683794,0.1,0.01,0.01,0.1,0.1,0.9,main,163,True,0
A_target_is_X,1006,transfer_lasso,31.845570260642113,5.64318795191531,0.9336575717939607,0.01,0.0031622776601683794,0.1,0.01,0.01,0.1,0.1,0.9,main,163,True,0
A_target_is_X,1007,single_ridge,59.72617423391659,7.728271102511647,0.8755751775300409,0.01,0.01,0.1,0.01,0.1,0.1,0.31622776601683794,0.8,main,163,True,0
A_target_is_X,1007,transfer_ridge,20.79050280528309,4.559660382669206,0.956688091045692,0.01,0.01,0.1,0.01,0.1,0.1,0.31622776601683794,0.8,main,163,True,0
A_target_is_X,1007,transfer_ridge_ada,24.08758652647417,4.907910607017427,0.9498194264787786,0.01,0.01,0.1,0.01,0.1,0.1,0.31622776601683794,0.8,main,163,True,0
A_target_is_X,1007,pooled_ridge,25.62938923253944,5.062547701754467,0.9466074590215204,0.01,0.01,0.1,0.01,0.1,0.1,0.31622776601683794,0.8,main,163,True,0
A_target_is_X,1007,single_lasso,147.23516186255063,12.134049689306147,0.6932716834610113,0.01,0.01,0.1,0.01,0.1,0.1,0.31622776601683794,0.8,main,163,True,0
A_target_is_X,1007,transfer_lasso,27.11047085152014,5.206771634277822,0.9435219890434259,0.01,0.01,0.1,0.01,0.1,0.1,0.31622776601683794,0.8,main,163,True,0
A_target_is_X,1008,single_ridge,41.227528661276985,6.420866659671184,0.9141125645439125,0.01,0.01,0.1,0.01,0.1,0.1,0.1,1.0,main,163,True,0
A_target_is_X,1008,transfer_ridge,23.64782763081095,4.862903210101035,0.9507355561861358,0.01,0.01,0.1,0.01,0.1,0.1,0.1,1.0,main,163,True,0
A_target_is_X,1008,transfer_ridge_ada,23.64782763081095,4.862903210101035,0.9507355561861358,0.01,0.01,0.1,0.01,0.1,0.1,0.1,1.0,main,163,True,0
A_target_is_X,1008,pooled_ridge,25.334833057511204,5.0333719371323244,0.9472210945047137,0.01,0.01,0.1,0.01,0.1,0.1,0.1,1.0,main,163,True,0
A_target_is_X,1008,single_lasso,49.15809305818583,7.011283267575617,0.8975911804132743,0.01,0.01,0.1,0.01,0.1,0.1,0.1,1.0,main,163,True,0
A_target_is_X,1008,transfer_lasso,29.874194597165115,5.465729100235861,0.9377644490566672,0.01,0.01,0.1,0.01,0.1,0.1,0.1,1.0,main,163,True,0
A_target_is_X,1009,single_ridge,45.8041138263758,6.767873656206637,0.9045783728098855,0.01,0.01,0.1,0.01,0.01,0.1,0.1,0.9,main,163,True,0
A_target_is_X,1009,transfer_ridge,21.89911062345656,4.679648557686416,0.9543785787969279,0.01,0.01,0.1,0.01,0.01,0.1,0.1,0.9,main,163,True,0
A_target_is_X,1009,transfer_ridge_ada,22.983945940287,4.794157479712885,0.9521185907190524,0.01,0.01,0.1,0.01,0.01,0.1,0.1,0.9,main,163,True,0
A_target_is_X,1009,pooled_ridge,25.29009109791125,5.0289254416735245,0.9473143033943101,0.01,0.01,0.1,0.01,0.01,0.1,0.1,0.9,main,163,True,0
A_target_is_X,1009,single_lasso,65.66385196115851,8.103323513297399,0.8632054835629966,0.01,0.01,0.1,0.01,0.01,0.1,0.1,0.9,main,163,True,0
A_target_is_X,1009,transfer_lasso,30.23500373538141,5.498636534212951,0.9370127917884103,0.01,0.01,0.1,0.01,0.01,0.1,0.1,0.9,main,163,True,0
A_target_is_X,1010,single_ridge,27.890591619639753,5.281154383242337,0.9418967989266397,0.01,0.01,0.31622776601683794,0.01,0.1,0.03162277660168379,0.31622776601683794,0.8,main,163,True,0
A_target_is_X,1010,transfer_ridge,22.48312944611544,4.741637844259665,0.953161918944518,0.01,0.01,0.31622776601683794,0.01,0.1,0.03162277660168379,0.31622776601683794,0.8,main,163,True,0
A_target_is_X,1010,transfer_ridge_ada,20.795358764258427,4.560192842880488,0.9566779748472047,0.01,0.01,0.31622776601683794,0.01,0.1,0.03162277660168379,0.31622776601683794,0.8,main,163,True,0
A_target_is_X,1010,pooled_ridge,26.141956114648295,5.11292050736644,0.9455396517472658,0.01,0.01,0.31622776601683794,0.01,0.1,0.03162277660168379,0.31622776601683794,0.8,main,163,True,0
A_target_is_X,1010,single_lasso,51.71671696569845,7.191433582096024,0.8922609155914759,0.01,0.01,0.31622776601683794,0.01,0.1,0.03162277660168379,0.31622776601683794,0.8,main,163,True,0
A_target_is_X,1010,transfer_lasso,31.444901290976446,5.607575348666877,0.9344922672362742,0.01,0.01,0.31622776601683794,0.01,0.1,0.03162277660168379,0.31622776601683794,0.8,main,163,True,0
A_target_is_X,1011,single_ridge,25.54028006283077,5.053739215949985,0.9467930961021415,0.01,0.01,0.1,0.01,0.03162277660168379,0.1,0.03162277660168379,0.9,main,163,True,0
A_target_is_X,1011,transfer_ridge,18.285786212183613,4.276188280721934,0.9619060532110467,0.01,0.01,0.1,0.01,0.03162277660168379,0.1,0.03162277660168379,0.9,main,163,True,0
A_target_is_X,1011,transfer_ridge_ada,18.290232194936593,4.276708102610768,0.9618967910973781,0.01,0.01,0.1,0.01,0.03162277660168379,0.1,0.03162277660168379,0.9,main,163,True,0
A_target_is_X,1011,pooled_ridge,25.61660595065295,5.061285009822401,0.9466340898512984,0.01,0.01,0.1,0.01,0.03162277660168379,0.1,0.03162277660168379,0.9,main,163,True,0
A_target_is_X,1011,single_lasso,57.17528074983339,7.56143377606611,0.880889337912284,0.01,0.01,0.1,0.01,0.03162277660168379,0.1,0.03162277660168379,0.9,main,163,True,0
A_target_is_X,1011,transfer_lasso,24.366696450499482,4.93626340975636,0.9492379694678132,0.01,0.01,0.1,0.01,0.03162277660168379,0.1,0.03162277660168379,0.9,main,163,True,0
A_target_is_X,1012,single_ridge,33.48563561524187,5.7866774245020665,0.9302408982299385,0.01,0.0031622776601683794,0.03162277660168379,0.01,0.1,0.03162277660168379,0.31622776601683794,0.9,main,163,True,0
A_target_is_X,1012,transfer_ridge,27.097023972003196,5.205480186496073,0.9435500023159673,0.01,0.0031622776601683794,0.03162277660168379,0.01,0.1,0.03162277660168379,0.31622776601683794,0.9,main,163,True,0
A_target_is_X,1012,transfer_ridge_ada,27.494047587787776,5.243476669900208,0.9427229010736057,0.01,0.0031622776601683794,0.03162277660168379,0.01,0.1,0.03162277660168379,0.31622776601683794,0.9,main,163,True,0
A_target_is_X,1012,pooled_ridge,25.345444808100815,5.034425966095918,0.9471989875273267,0.01,0.0031622776601683794,0.03162277660168379,0.01,0.1,0.03162277660168379,0.31622776601683794,0.9,main,163,True,0
A_target_is_X,1012,single_lasso,41.26171982275303,6.423528611499526,0.9140413356522037,0.01,0.0031622776601683794,0.03162277660168379,0.01,0.1,0.03162277660168379,0.31622776601683794,0.9,main,163,True,0
A_target_is_X,1012,transfer_lasso,29.954205614311345,5.4730435421537935,0.937597765743501,0.01,0.0031622776601683794,0.03162277660168379,0.01,0.1,0.03162277660168379,0.31622776601683794,0.9,main,163,True,0
A_target_is_X,1013,single_ridge,19.219352124587395,4.383988152879453,0.959961197803769,0.01,0.01,0.1,0.01,0.03162277660168379,0.03162277660168379,0.31622776601683794,1.0,main,163,True,0
A_target_is_X,1013,transfer_ridge,18.7765110267374,4.333187167286615,0.960883748522765,0.01,0.01,0.1,0.01,0.03162277660168379,0.03162277660168379,0.31622776601683794,1.0,main,163,True,0
A_target_is_X,1013,transfer_ridge_ada,18.7765110267374,4.333187167286615,0.960883748522765,0.01,0.01,0.1,0.01,0.03162277660168379,0.03162277660168379,0.31622776601683794,1.0,main,163,True,0
A_target_is_X,1013,pooled_ridge,25.724224280088414,5.071905389504857,0.9464098934800043,0.01,0.01,0.1,0.01,0.03162277660168379,0.03162277660168379,0.31622776601683794,1.0,main,163,True,0
A_target_is_X,1013,single_lasso,49.56724805894998,7.040401129122543,0.8967388064083132,0.01,0.01,0.1,0.01,0.03162277660168379,0.03162277660168379,0.31622776601683794,1.0,main,163,True,0
A_target_is_X,1013,transfer_lasso,30.34231360681063,5.508385753268432,0.9367892380136522,0.01,0.01,0.1,0.01,0.03162277660168379,0.03162277660168379,0.31622776601683794,1.0,main,163,True,0
A_target_is_X,1014,single_ridge,38.92795234457654,6.239226902796254,0.9189031673011053,0.03162277660168379,0.01,0.31622776601683794,0.01,0.1,0.1,1.0,0.9,main,163,True,0
A_target_is_X,1014,transfer_ridge,23.76137984335721,4.87456457987349,0.9504989980260266,0.03162277660168379,0.01,0.31622776601683794,0.01,0.1,0.1,1.0,0.9,main,163,True,0
A_target_is_X,1014,transfer_ridge_ada,23.202790238147347,4.8169274686409125,0.9516626823462309,0.03162277660168379,0.01,0.31622776601683794,0.01,0.1,0.1,1.0,0.9,main,163,True,0
A_target_is_X,1014,pooled_ridge,25.571676150644116,5.056844485511109,0.9467276900602757,0.03162277660168379,0.01,0.31622776601683794,0.01,0.1,0.1,1.0,0.9,main,163,True,0
A_target_is_X,1014,single_lasso,48.12788025557229,6.937426054061571,0.899737375891482,0.03162277660168379,0.01,0.31622776601683794,0.01,0.1,0.1,1.0,0.9,main,163,True,0
A_target_is_X,1014,transfer_lasso,36.251844809647,6.020950490549395,0.9244781804208146,0.03162277660168379,0.01,0.31622776601683794,0.01,0.1,0.1,1.0,0.9,main,163,True,0
A_target_is_X,1015,single_ridge,29.394867877788254,5.421703411086616,0.9387630086116455,0.01,0.01,0.1,0.01,0.03162277660168379,0.01,0.1,1.0,main,163,True,0
A_target_is_X,1015,transfer_ridge,22.92300854222203,4.787797880259987,0.9522455388290438,0.01,0.01,0.1,0.01,0.03162277660168379,0.01,0.1,1.0,main,163,True,0
A_target_is_X,1015,transfer_ridge_ada,22.92300854222203,4.787797880259987,0.9522455388290438,0.01,0.01,0.1,0.01,0.03162277660168379,0.01,0.1,1.0,main,163,True,0
A_target_is_X,1015,pooled_ridge,25.849554522394655,5.084245718137023,0.946148798686154,0.01,0.01,0.1,0.01,0.03162277660168379,0.01,0.1,1.0,main,163,True,0
A_target_is_X,1015,single_lasso,52.07153107918524,7.2160606343894615,0.8915217474855878,0.01,0.01,0.1,0.01,0.03162277660168379,0.01,0.1,1.0,main,163,True,0
A_target_is_X,1015,transfer_lasso,36.75861062004932,6.0628879768678985,0.9234224582554169,0.01,0.01,0.1,0.01,0.03162277660168379,0.01,0.1,1.0,main,163,True,0
A_target_is_X,1016,single_ridge,36.82498203866387,6.068359089462643,0.9232841896975506,0.03162277660168379,0.01,0.1,0.01,0.01,0.03162277660168379,0.1,1.0,main,163,True,0
A_target_is_X,1016,transfer_ridge,20.03237059030834,4.475753633781504,0.958267473409738,0.03162277660168379,0.01,0.1,0.01,0.01,0.03162277660168379,0.1,1.0,main,163,True,0
A_target_is_X,1016,transfer_ridge_ada,20.03237059030834,4.475753633781504,0.958267473409738,0.03162277660168379,0.01,0.1,0.01,0.01,0.03162277660168379,0.1,1.0,main,163,True,0
A_target_is_X,1016,pooled_ridge,25.252591372184337,5.025195655114768,0.9473924248674513,0.03162277660168379,0.01,0.1,0.01,0.01,0.03162277660168379,0.1,1.0,main,163,True,0
A_target_is_X,1016,single_lasso,35.19054492849682,5.93216191017211,0.9266891381959154,0.03162277660168379,0.01,0.1,0.01,0.01,0.03162277660168379,0.1,1.0,main,163,True,0
A_target_is_X,1016,transfer_lasso,28.49883308866936,5.338429833637355,0.9406296771366774,0.03162277660168379,0.01,0.1,0.01,0.01,0.03162277660168379,0.1,1.0,main,163,True,0
A_target_is_X,1017,single_ridge,25.321058664958194,5.032003444450152,0.9472497900702681,0.01,0.01,0.1,0.01,0.03162277660168379,0.03162277660168379,0.1,0.9,main,163,True,0
A_target_is_X,1017,transfer_ridge,21.140535368281615,4.597883792385538,0.9559588841264739,0.01,0.01,0.1,0.01,0.03162277660168379,0.03162277660168379,0.1,0.9,main,163,True,0
A_target_is_X,1017,transfer_ridge_ada,21.1658795715255,4.600639039473267,0.9559060857004954,0.01,0.01,0.1,0.01,0.03162277660168379,0.03162277660168379,0.1,0.9,main,163,True,0
A_target_is_X,1017,pooled_ridge,25.927963890237603,5.091950892363123,0.945985452016139,0.01,0.01,0.1,0.01,0.03162277660168379,0.03162277660168379,0.1,0.9,main,163,True,0
A_target_is_X,1017,single_lasso,39.317059747491555,6.270331709526343,0.9180925575449902,0.01,0.01,0.1,0.01,0.03162277660168379,0.03162277660168379,0.1,0.9,main,163,True,0
A_target_is_X,1017,transfer_lasso,28.67939141700516,5.355314315425861,0.9402535281829429,0.01,0.01,0.1,0.01,0.03162277660168379,0.03162277660168379,0.1,0.9,main,163,True,0
A_target_is_X,1018,single_ridge,31.796765164138236,5.638862045141576,0.9337592452318799,0.01,0.0031622776601683794,0.1,0.01,0.03162277660168379,0.1,0.31622776601683794,1.0,main,163,True,0
A_target_is_X,1018,transfer_ridge,20.339957247076764,4.5099841737057975,0.957626692116554,0.01,0.0031622776601683794,0.1,0.01,0.03162277660168379,0.1,0.31622776601683794,1.0,main,163,True,0
A_target_is_X,1018,transfer_ridge_ada,20.339957247076764,4.5099841737057975,0.957626692116554,0.01,0.0031622776601683794,0.1,0.01,0.03162277660168379,0.1,0.31622776601683794,1.0,main,163,True,0
A_target_is_X,1018,pooled_ridge,24.155067727466253,4.914780537060252,0.9496788459617574,0.01,0.0031622776601683794,0.1,0.01,0.03162277660168379,0.1,0.31622776601683794,1.0,main,163,True,0
A_target_is_X,1018,single_lasso,51.83242526947869,7.199473957830439,0.8920198657445567,0.01,0.0031622776601683794,0.1,0.01,0.03162277660168379,0.1,0.31622776601683794,1.0,main,163,True,0
A_target_is_X,1018,transfer_lasso,27.021015946933627,5.1981742897803676,0.9437083463777941,0.01,0.0031622776601683794,0.1,0.01,0.03162277660168379,0.1,0.31622776601683794,1.0,main,163,True,0
A_target_is_X,1019,single_ridge,59.45307937989094,7.710582298367027,0.8761441036192379,0.03162277660168379,0.01,0.1,0.01,0.1,0.1,0.1,0.9,main,163,True,0
A_target_is_X,1019,transfer_ridge,21.793454930078674,4.668346059374634,0.9545986864977828,0.03162277660168379,0.01,0.1,0.01,0.1,0.1,0.1,0.9,main,163,True,0
A_target_is_X,1019,transfer_ridge_ada,22.57983150504834,4.751824018737262,0.9529604639430963,0.03162277660168379,0.01,0.1,0.01,0.1,0.1,0.1,0.9,main,163,True,0
A_target_is_X,1019,pooled_ridge,27.43781883362758,5.238112144048424,0.9428400398798967,0.03162277660168379,0.01,0.1,0.01,0.1,0.1,0.1,0.9,main,163,True,0
A_target_is_X,1019,single_lasso,54.48338759568083,7.381286310371712,0.8864972364945998,0.03162277660168379,0.01,0.1,0.01,0.1,0.1,0.1,0.9,main,163,True,0
A_target_is_X,1019,transfer_lasso,30.030254690138488,5.479986741784918,0.9374393361624979,0.03162277660168379,0.01,0.1,0.01,0.1,0.1,0.1,0.9,main,163,True,0
B_target_is_X1,1000,single_ridge,25.02351605595901,5.00235105285095,0.9478696470555319,0.01,0.01,0.1,0.01,0.1,0.03162277660168379,1.0,0.9,main,163,True,0
B_target_is_X1,1000,transfer_ridge,20.889531676724438,4.570506719908027,0.9564817887015935,0.01,0.01,0.1,0.01,0.1,0.03162277660168379,1.0,0.9,main,163,True,0
B_target_is_X1,1000,transfer_ridge_ada,20.83421373381855,4.564451087898583,0.9565970300562215,0.01,0.01,0.1,0.01,0.1,0.03162277660168379,1.0,0.9,main,163,True,0
B_target_is_X1,1000,pooled_ridge,30.19248474854087,5.494768853058413,0.9371013696599566,0.01,0.01,0.1,0.01,0.1,0.03162277660168379,1.0,0.9,main,163,True,0
B_target_is_X1,1000,single_lasso,50.60838734975635,7.113957221529825,0.8945698482741838,0.01,0.01,0.1,0.01,0.1,0.03162277660168379,1.0,0.9,main,163,True,0
B_target_is_X1,1000,transfer_lasso,40.15722692544586,6.336973009682609,0.916342275473471,0.01,0.01,0.1,0.01,0.1,0.03162277660168379,1.0,0.9,main,163,True,0
B_target_is_X1,1001,single_ridge,55.40625929707507,7.443538089986177,0.8845746598507518,0.03162277660168379,0.01,0.31622776601683794,0.01,0.03162277660168379,0.03162277660168379,0.31622776601683794,1.0,main,163,True,0
B_target_is_X1,1001,transfer_ridge,25.911792298880123,5.090362688343545,0.9460191415569396,0.03162277660168379,0.01,0.31622776601683794,0.01,0.03162277660168379,0.03162277660168379,0.31622776601683794,1.0,main,163,True,0
B_target_is_X1,1001,transfer_ridge_ada,25.911792298880123,5.090362688343545,0.9460191415569396,0.03162277660168379,0.01,0.31622776601683794,0.01,0.03162277660168379,0.03162277660168379,0.31622776601683794,1.0,main,163,True,0
B_target_is_X1,1001,pooled_ridge,30.062968179029262,5.4829707439516095,0.9373711856388821,0.03162277660168379,0.01,0.31622776601683794,0.01,0.03162277660168379,0.03162277660168379,0.31622776601683794,1.0,main,163,True,0
B_target_is_X1,1001,single_lasso,46.55613998497756,6.823205990220254,0.9030117109153815,0.03162277660168379,0.01,0.31622776601683794,0.01,0.03162277660168379,0.03162277660168379,0.31622776601683794,1.0,main,163,True,0
B_target_is_X1,1001,transfer_lasso,27.78471125105353,5.271120492936348,0.9421173746831379,0.03162277660168379,0.01,0.31622776601683794,0.01,0.03162277660168379,0.03162277660168379,0.31622776601683794,1.0,main,163,True,0
B_target_is_X1,1002,single_ridge,250.1502402702326,15.816138601764736,0.4788733811320117,0.03162277660168379,0.01,0.1,0.01,0.1,0.03162277660168379,0.1,0.9,main,163,True,0
B_target_is_X1,1002,transfer_ridge,31.21782077936955,5.587291005430946,0.9349653337386157,0.03162277660168379,0.01,0.1,0.01,0.1,0.03162277660168379,0.1,0.9,main,163,True,0
B_target_is_X1,1002,transfer_ridge_ada,38.39995083531765,6.196769386972348,0.9200031288321437,0.03162277660168379,0.01,0.1,0.01,0.1,0.03162277660168379,0.1,0.9,main,163,True,0
B_target_is_X1,1002,pooled_ridge,31.423584042974042,5.605674271929653,0.9345366764895416,0.03162277660168379,0.01,0.1,0.01,0.1,0.03162277660168379,0.1,0.9,main,163,True,0
B_target_is_X1,1002,single_lasso,375.21617260235774,19.37049747947527,0.21832921223013302,0.03162277660168379,0.01,0.1,0.01,0.1,0.03162277660168379,0.1,0.9,main,163,True,0
B_target_is_X1,1002,transfer_lasso,35.49813059322244,5.958030764709296,0.9260483589694091,0.03162277660168379,0.01,0.1,0.01,0.1,0.03162277660168379,0.1,0.9,main,163,True,0
B_target_is_X1,1003,single_ridge,34.367554923169976,5.862384747111876,0.9284036358449075,0.01,0.01,0.1,0.01,0.03162277660168379,0.03162277660168379,0.1,1.0,main,163,True,0
B_target_is_X1,1003,transfer_ridge,19.755464763214817,4.444712000030465,0.9588443387258064,0.01,0.01,0.1,0.01,0.03162277660168379,0.03162277660168379,0.1,1.0,main,163,True,0
B_target_is_X1,1003,transfer_ridge_ada,19.755464763214817,4.444712000030465,0.9588443387258064,0.01,0.01,0.1,0.01,0.03162277660168379,0.03162277660168379,0.1,1.0,main,163,True,0
B_target_is_X1,1003,pooled_ridge,30.163111816850318,5.492095394004943,0.9371625609526837,0.01,0.01,0.1,0.01,0.03162277660168379,0.03162277660168379,0.1,1.0,main,163,True,0
B_target_is_X1,1003,single_lasso,31.7852593951186,5.637841732003356,0.9337832146772028,0.01,0.01,0.1,0.01,0.03162277660168379,0.03162277660168379,0.1,1.0,main,163,True,0
B_target_is_X1,1003,transfer_lasso,36.29004160534578,6.024121645961823,0.9243986067735034,0.01,0.01,0.1,0.01,0.03162277660168379,0.03162277660168379,0.1,1.0,main,163,True,0
B_target_is_X1,1004,single_ridge,47.73726313332564,6.909215811749235,0.9005511307772196,0.01,0.01,0.31622776601683794,0.01,0.1,0.01,0.1,0.9,main,163,True,0
B_target_is_X1,1004,transfer_ridge,24.73948319224769,4.9738800942772725,0.9484613598028527,0.01,0.01,0.31622776601683794,0.01,0.1,0.01,0.1,0.9,main,163,True,0
B_target_is_X1,1004,transfer_ridge_ada,23.584718113959333,4.8564100026623915,0.9508670293724087,0.01,0.01,0.31622776601683794,0.01,0.1,0.01,0.1,0.9,main,163,True,0
B_target_is_X1,1004,pooled_ridge,31.668332788312956,5.627462375557295,0.9340268025594072,0.01,0.01,0.31622776601683794,0.01,0.1,0.01,0.1,0.9,main,163,True,0
B_target_is_X1,1004,single_lasso,127.82986973911642,11.306187232622518,0.7336978460003972,0.01,0.01,0.31622776601683794,0.01,0.1,0.01,0.1,0.9,main,163,True,0
B_target_is_X1,1004,transfer_lasso,36.218052007277876,6.018143568184285,0.9245485794291133,0.01,0.01,0.31622776601683794,0.01,0.1,0.01,0.1,0.9,main,163,True,0
B_target_is_X1,1005,single_ridge,46.28756752193018,6.803496712862451,0.9035712157131291,0.01,0.01,0.1,0.01,0.1,0.1,0.31622776601683794,0.9,main,163,True,0
B_target_is_X1,1005,transfer_ridge,21.802238158037493,4.669286686212091,0.9545803887984323,0.01,0.01,0.1,0.01,0.1,0.1,0.31622776601683794,0.9,main,163,True,0
B_target_is_X1,1005,transfer_ridge_ada,21.779058693027476,4.666803905568293,0.9546286775236991,0.01,0.01,0.1,0.01,0.1,0.1,0.31622776601683794,0.9,main,163,True,0
B_target_is_X1,1005,pooled_ridge,28.08362738920456,5.299398776201368,0.9414946562870595,0.01,0.01,0.1,0.01,0.1,0.1,0.31622776601683794,0.9,main,163,True,0
B_target_is_X1,1005,single_lasso,147.01933476776557,12.125152979148988,0.6937213062318865,0.01,0.01,0.1,0.01,0.1,0.1,0.31622776601683794,0.9,main,163,True,0
B_target_is_X1,1005,transfer_lasso,31.648268741954247,5.62567940269922,0.9340686010746851,0.01,0.01,0.1,0.01,0.1,0.1,0.31622776601683794,0.9,main,163,True,0
B_target_is_X1,1006,single_ridge,39.56974315585373,6.290448565551882,0.9175661536922433,0.03162277660168379,0.01,0.31622776601683794,0.01,0.03162277660168379,0.03162277660168379,0.1,0.9,main,163,True,0
B_target_is_X1,1006,transfer_ridge,24.702173325429044,4.97012809949895,0.948539085751565,0.03162277660168379,0.01,0.31622776601683794,0.01,0.03162277660168379,0.03162277660168379,0.1,0.9,main,163,True,0
B_target_is_X1,1006,transfer_ridge_ada,24.342185940176705,4.933780086320904,0.949289031099245,0.03162277660168379,0.01,0.31622776601683794,0.01,0.03162277660168379,0.03162277660168379,0.1,0.9,main,163,True,0
B_target_is_X1,1006,pooled_ridge,28.80174141732863,5.366725390527135,0.9399986419916757,0.03162277660168379,0.01,0.31622776601683794,0.01,0.03162277660168379,0.03162277660168379,0.1,0.9,main,163,True,0
B_target_is_X1,1006,single_lasso,40.19595168242249,6.340027735146156,0.916261601948441,0.03162277660168379,0.01,0.31622776601683794,0.01,0.03162277660168379,0.03162277660168379,0.1,0.9,main,163,True,0
B_target_is_X1,1006,transfer_lasso,29.77175075189762,5.456349581166664,0.9379778656604267,0.03162277660168379,0.01,0.31622776601683794,0.01,0.03162277660168379,0.03162277660168379,0.1,0.9,main,163,True,0
B_target_is_X1,1007,single_ridge,55.99352488356459,7.48288212412601,0.8833512361629143,0.01,0.01,0.1,0.01,0.1,0.1,0.31622776601683794,0.8,main,163,True,0
B_target_is_X1,1007,transfer_ridge,22.65805026649339,4.76004729666559,0.9527975143547215,0.01,0.01,0.1,0.01,0.1,0.1,0.31622776601683794,0.8,main,163,True,0
B_target_is_X1,1007,transfer_ridge_ada,24.51699345872334,4.95146376930331,0.9489248625460007,0.01,0.01,0.1,0.01,0.1,0.1,0.31622776601683794,0.8,main,163,True,0
B_target_is_X1,1007,pooled_ridge,29.408475849477327,5.422958219411,0.9387346597431083,0.01,0.01,0.1,0.01,0.1,0.1,0.31622776601683794,0.8,main,163,True,0
B_target_is_X1,1007,single_lasso,132.69039160372574,11.519131547288005,0.7235721418535553,0.01,0.01,0.1,0.01,0.1,0.1,0.31622776601683794,0.8,main,163,True,0
B_target_is_X1,1007,transfer_lasso,29.94612970848862,5.472305703128127,0.9376145899108139,0.01,0.01,0.1,0.01,0.1,0.1,0.31622776601683794,0.8,main,163,True,0
B_target_is_X1,1008,single_ridge,42.38906871507447,6.510688804963302,0.9116927809760003,0.01,0.01,0.1,0.01,0.03162277660168379,0.1,0.03162277660168379,0.8,main,163,True,0
B_target_is_X1,1008,transfer_ridge,22.117056305145915,4.702877449513852,0.953924542470307,0.01,0.01,0.1,0.01,0.03162277660168379,0.1,0.03162277660168379,0.8,main,163,True,0
B_target_is_X1,1008,transfer_ridge_ada,23.84495187134582,4.883129311347982,0.950324896220925,0.01,0.01,0.1,0.01,0.03162277660168379,0.1,0.03162277660168379,0.8,main,163,True,0
B_target_is_X1,1008,pooled_ridge,31.92744640311726,5.65043771783366,0.9334870029500214,0.01,0.01,0.1,0.01,0.03162277660168379,0.1,0.03162277660168379,0.8,main,163,True,0
B_target_is_X1,1008,single_lasso,43.29895722088051,6.58019431482692,0.909797251633053,0.01,0.01,0.1,0.01,0.03162277660168379,0.1,0.03162277660168379,0.8,main,163,True,0
B_target_is_X1,1008,transfer_lasso,38.2261437187924,6.182729471583921,0.9203652132933546,0.01,0.01,0.1,0.01,0.03162277660168379,0.1,0.03162277660168379,0.8,main,163,True,0
B_target_is_X1,1009,single_ridge,39.11201180842698,6.2539596903423496,0.9185197245909827,0.01,0.01,0.1,0.0031622776601683794,0.03162277660168379,0.1,0.1,0.8,main,163,True,0
B_target_is_X1,1009,transfer_ridge,21.267522369780185,4.611672404863574,0.9556943378815467,0.01,0.01,0.1,0.0031622776601683794,0.03162277660168379,0.1,0.1,0.8,main,163,True,0
B_target_is_X1,1009,transfer_ridge_ada,21.45256277873892,4.631691135939326,0.9553088516130928,0.01,0.01,0.1,0.0031622776601683794,0.03162277660168379,0.1,0.1,0.8,main,163,True,0
B_target_is_X1,1009,pooled_ridge,29.925959854794396,5.470462490027182,0.9376566088497019,0.01,0.01,0.1,0.0031622776601683794,0.03162277660168379,0.1,0.1,0.8,main,163,True,0
B_target_is_X1,1009,single_lasso,38.09561359658369,6.172164417494376,0.9206371407605182,0.01,0.01,0.1,0.0031622776601683794,0.03162277660168379,0.1,0.1,0.8,main,163,True,0
B_target_is_X1,1009,transfer_lasso,29.97531830718714,5.474971991452298,0.9375537826306257,0.01,0.01,0.1,0.0031622776601683794,0.03162277660168379,0.1,0.1,0.8,main,163,True,0
B_target_is_X1,1010,single_ridge,31.066967984630807,5.573775020991681,0.9352795985051978,0.01,0.01,0.03162277660168379,0.01,0.31622776601683794,0.1,0.31622776601683794,1.0,main,163,True,0
B_target_is_X1,1010,transfer_ridge,22.910474208000608,4.786488713869553,0.9522716510374731,0.01,0.01,0.03162277660168379,0.01,0.31622776601683794,0.1,0.31622776601683794,1.0,main,163,True,0
B_target_is_X1,1010,transfer_ridge_ada,22.910474208000608,4.786488713869553,0.9522716510374731,0.01,0.01,0.03162277660168379,0.01,0.31622776601683794,0.1,0.31622776601683794,1.0,main,163,True,0
B_target_is_X1,1010,pooled_ridge,29.190063761515745,5.4027829645022525,0.9391896677127043,0.01,0.01,0.03162277660168379,0.01,0.31622776601683794,0.1,0.31622776601683794,1.0,main,163,True,0
B_target_is_X1,1010,single_lasso,91.90296772939215,9.586603555451333,0.8085427270227126,0.01,0.01,0.03162277660168379,0.01,0.31622776601683794,0.1,0.31622776601683794,1.0,main,163,True,0
B_target_is_X1,1010,transfer_lasso,30.19054468805738,5.494592313180058,0.937105411299729,0.01,0.01,0.03162277660168379,0.01,0.31622776601683794,0.1,0.31622776601683794,1.0,main,163,True,0
B_target_is_X1,1011,single_ridge,50.482580695575045,7.105109478085123,0.8948319355552264,0.01,0.01,0.1,0.01,0.03162277660168379,0.03162277660168379,0.1,0.9,main,163,True,0
B_target_is_X1,1011,transfer_ridge,20.350995438868754,4.51120775833576,0.9576036967536043,0.01,0.01,0.1,0.01,0.03162277660168379,0.03162277660168379,0.1,0.9,main,163,True,0
B_target_is_X1,1011,transfer_ridge_ada,21.43417624795767,4.62970584896683,0.9553471554364606,0.01,0.01,0.1,0.01,0.03162277660168379,0.03162277660168379,0.1,0.9,main,163,True,0
B_target_is_X1,1011,pooled_ridge,28.349873821528888,5.324459955857391,0.9409399972033307,0.01,0.01,0.1,0.01,0.03162277660168379,0.03162277660168379,0.1,0.9,main,163,True,0
B_target_is_X1,1011,single_lasso,54.19233123253326,7.3615440793717495,0.8871035809788715,0.01,0.01,0.1,0.01,0.03162277660168379,0.03162277660168379,0.1,0.9,main,163,True,0
B_target_is_X1,1011,transfer_lasso,34.77900766376326,5.8973729459618935,0.9275464750630601,0.01,0.01,0.1,0.01,0.03162277660168379,0.03162277660168379,0.1,0.9,main,163,True,0
B_target_is_X1,1012,single_ridge,40.51390526655747,6.3650534378398955,0.9155992237069561,0.03162277660168379,0.00031622776601683794,0.1,0.01,0.1,0.03162277660168379,0.31622776601683794,0.7000000000000001,main,163,True,0
B_target_is_X1,1012,transfer_ridge,25.616720375135504,5.061296313706154,0.9466338514759778,0.03162277660168379,0.00031622776601683794,0.1,0.01,0.1,0.03162277660168379,0.31622776601683794,0.7000000000000001,main,163,True,0
B_target_is_X1,1012,transfer_ridge_ada,26.459373748778564,5.143867586629594,0.944878390026051,0.03162277660168379,0.00031622776601683794,0.1,0.01,0.1,0.03162277660168379,0.31622776601683794,0.7000000000000001,main,163,True,0
B_target_is_X1,1012,pooled_ridge,32.97769361462031,5.742620796693815,0.9312990706989276,0.03162277660168379,0.00031622776601683794,0.1,0.01,0.1,0.03162277660168379,0.31622776601683794,0.7000000000000001,main,163,True,0
B_target_is_X1,1012,single_lasso,72.6940318864255,8.526079514432498,0.8485598294531695,0.03162277660168379,0.00031622776601683794,0.1,0.01,0.1,0.03162277660168379,0.31622776601683794,0.7000000000000001,main,163,True,0
B_target_is_X1,1012,transfer_lasso,33.966708870982465,5.828096504947603,0.9292387001951852,0.03162277660168379,0.00031622776601683794,0.1,0.01,0.1,0.03162277660168379,0.31622776601683794,0.7000000000000001,main,163,True,0
B_target_is_X1,1013,single_ridge,26.11415240959605,5.110200818910745,0.9455975739415049,0.01,0.01,0.1,0.01,0.1,0.03162277660168379,0.31622776601683794,1.0,main,163,True,0
B_target_is_X1,1013,transfer_ridge,20.29984260211177,4.505534663290448,0.957710261132019,0.01,0.01,0.1,0.01,0.1,0.03162277660168379,0.31622776601683794,1.0,main,163,True,0
B_target_is_X1,1013,transfer_ridge_ada,20.29984260211177,4.505534663290448,0.957710261132019,0.01,0.01,0.1,0.01,0.1,0.03162277660168379,0.31622776601683794,1.0,main,163,True,0
B_target_is_X1,1013,pooled_ridge,29.716631380010533,5.451296302716496,0.9380926933410823,0.01,0.01,0.1,0.01,0.1,0.03162277660168379,0.31622776601683794,1.0,main,163,True,0
B_target_is_X1,1013,single_lasso,67.44013527591692,8.212194303346513,0.8595050333176893,0.01,0.01,0.1,0.01,0.1,0.03162277660168379,0.31622776601683794,1.0,main,163,True,0
B_target_is_X1,1013,transfer_lasso,29.71215298411682,5.450885522932657,0.9381020229795728,0.01,0.01,0.1,0.01,0.1,0.03162277660168379,0.31622776601683794,1.0,main,163,True,0
B_target_is_X1,1014,single_ridge,29.76408598018515,5.4556471641946525,0.937993833330746,0.01,0.01,0.31622776601683794,0.01,0.1,0.03162277660168379,0.1,0.9,main,163,True,0
B_target_is_X1,1014,transfer_ridge,26.259069304328317,5.124360380020937,0.945295675165445,0.01,0.01,0.31622776601683794,0.01,0.1,0.03162277660168379,0.1,0.9,main,163,True,0
B_target_is_X1,1014,transfer_ridge_ada,25.511177734986315,5.050859108605814,0.9468537236581829,0.01,0.01,0.31622776601683794,0.01,0.1,0.03162277660168379,0.1,0.9,main,163,True,0
B_target_is_X1,1014,pooled_ridge,31.915388021164038,5.649370586283399,0.9335121236287364,0.01,0.01,0.31622776601683794,0.01,0.1,0.03162277660168379,0.1,0.9,main,163,True,0
B_target_is_X1,1014,single_lasso,42.124454873792544,6.490335497783804,0.9122440389570599,0.01,0.01,0.31622776601683794,0.01,0.1,0.03162277660168379,0.1,0.9,main,163,True,0
B_target_is_X1,1014,transfer_lasso,32.36546901475787,5.689065741820697,0.9325744903642034,0.01,0.01,0.31622776601683794,0.01,0.1,0.03162277660168379,0.1,0.9,main,163,True,0
B_target_is_X1,1015,single_ridge,54.199200662221294,7.362010639914975,0.8870892702084201,0.01,0.01,0.1,0.01,0.1,0.03162277660168379,0.31622776601683794,0.8,main,163,True,0
B_target_is_X1,1015,transfer_ridge,23.21530934717218,4.818226784531025,0.9516366018557613,0.01,0.01,0.1,0.01,0.1,0.03162277660168379,0.31622776601683794,0.8,main,163,True,0
B_target_is_X1,1015,transfer_ridge_ada,25.714954360590507,5.070991457357279,0.9464292050817038,0.01,0.01,0.1,0.01,0.1,0.03162277660168379,0.31622776601683794,0.8,main,163,True,0
B_target_is_X1,1015,pooled_ridge,28.15222210987289,5.305866763298235,0.9413517560251391,0.01,0.01,0.1,0.01,0.1,0.03162277660168379,0.31622776601683794,0.8,main,163,True,0
B_target_is_X1,1015,single_lasso,157.17833670411903,12.537078475630558,0.6725575195233626,0.01,0.01,0.1,0.01,0.1,0.03162277660168379,0.31622776601683794,0.8,main,163,True,0
B_target_is_X1,1015,transfer_lasso,31.847571585073556,5.643365271278615,0.9336534025257918,0.01,0.01,0.1,0.01,0.1,0.03162277660168379,0.31622776601683794,0.8,main,163,True,0
B_target_is_X1,1016,single_ridge,32.63000727717313,5.712268137716674,0.9320233898331595,0.01,0.01,0.31622776601683794,0.01,0.01,0.03162277660168379,0.31622776601683794,0.9,main,163,True,0
B_target_is_X1,1016,transfer_ridge,22.73097336753306,4.767701056854662,0.9526455969748256,0.01,0.01,0.31622776601683794,0.01,0.01,0.03162277660168379,0.31622776601683794,0.9,main,163,True,0
B_target_is_X1,1016,transfer_ridge_ada,22.058409644171537,4.696638121483445,0.9540467183918989,0.01,0.01,0.31622776601683794,0.01,0.01,0.03162277660168379,0.31622776601683794,0.9,main,163,True,0
B_target_is_X1,1016,pooled_ridge,27.60954618224587,5.254478678446214,0.9424822881045798,0.01,0.01,0.31622776601683794,0.01,0.01,0.03162277660168379,0.31622776601683794,0.9,main,163,True,0
B_target_is_X1,1016,single_lasso,37.55164453118159,6.127939664453428,0.9217703667750746,0.01,0.01,0.31622776601683794,0.01,0.01,0.03162277660168379,0.31622776601683794,0.9,main,163,True,0
B_target_is_X1,1016,transfer_lasso,32.07039262253109,5.663072719163254,0.9331892095922273,0.01,0.01,0.31622776601683794,0.01,0.01,0.03162277660168379,0.31622776601683794,0.9,main,163,True,0
B_target_is_X1,1017,single_ridge,30.306504153214313,5.505134344701709,0.9368638382197364,0.01,0.01,0.1,0.01,0.1,0.03162277660168379,0.31622776601683794,1.0,main,163,True,0
B_target_is_X1,1017,transfer_ridge,22.56474317041795,4.750236117333322,0.9529918967844232,0.01,0.01,0.1,0.01,0.1,0.03162277660168379,0.31622776601683794,1.0,main,163,True,0
B_target_is_X1,1017,transfer_ridge_ada,22.56474317041795,4.750236117333322,0.9529918967844232,0.01,0.01,0.1,0.01,0.1,0.03162277660168379,0.31622776601683794,1.0,main,163,True,0
B_target_is_X1,1017,pooled_ridge,28.832076223638175,5.369550840027327,0.9399354468693003,0.01,0.01,0.1,0.01,0.1,0.03162277660168379,0.31622776601683794,1.0,main,163,True,0
B_target_is_X1,1017,single_lasso,40.43611034564379,6.358939404149389,0.915761290327628,0.01,0.01,0.1,0.01,0.1,0.03162277660168379,0.31622776601683794,1.0,main,163,True,0
B_target_is_X1,1017,transfer_lasso,27.402435268236726,5.234733543193649,0.9429137528524516,0.01,0.01,0.1,0.01,0.1,0.03162277660168379,0.31622776601683794,1.0,main,163,True,0
B_target_is_X1,1018,single_ridge,39.68034127912854,6.299233388209119,0.917335749651963,0.01,0.01,0.1,0.01,0.03162277660168379,0.1,0.1,1.0,main,163,True,0
B_target_is_X1,1018,transfer_ridge,23.048551779889554,4.800890727759751,0.9519840003116443,0.01,0.01,0.1,0.01,0.03162277660168379,0.1,0.1,1.0,main,163,True,0
B_target_is_X1,1018,transfer_ridge_ada,23.048551779889554,4.800890727759751,0.9519840003116443,0.01,0.01,0.1,0.01,0.03162277660168379,0.1,0.1,1.0,main,163,True,0
B_target_is_X1,1018,pooled_ridge,31.82814182334709,5.6416435391955675,0.9336938796647423,0.01,0.01,0.1,0.01,0.03162277660168379,0.1,0.1,1.0,main,163,True,0
B_target_is_X1,1018,single_lasso,37.164342125225375,6.09625640251666,0.9225772162631157,0.01,0.01,0.1,0.01,0.03162277660168379,0.1,0.1,1.0,main,163,True,0
B_target_is_X1,1018,transfer_lasso,27.306372728928746,5.225549992960429,0.9431138755717237,0.01,0.01,0.1,0.01,0.03162277660168379,0.1,0.1,1.0,main,163,True,0
B_target_is_X1,1019,single_ridge,62.19002904210567,7.886065498213014,0.8704423408628198,0.03162277660168379,0.01,0.1,0.01,0.1,0.1,0.1,1.0,main,163,True,0
B_target_is_X1,1019,transfer_ridge,23.189884185049298,4.815587626141725,0.9516895689396904,0.03162277660168379,0.01,0.1,0.01,0.1,0.1,0.1,1.0,main,163,True,0
B_target_is_X1,1019,transfer_ridge_ada,23.189884185049298,4.815587626141725,0.9516895689396904,0.03162277660168379,0.01,0.1,0.01,0.1,0.1,0.1,1.0,main,163,True,0
B_target_is_X1,1019,pooled_ridge,30.183549285098554,5.493955704690251,0.9371199845045662,0.03162277660168379,0.01,0.1,0.01,0.1,0.1,0.1,1.0,main,163,True,0
B_target_is_X1,1019,single_lasso,48.003986450521026,6.928490921587545,0.8999954782209273,0.03162277660168379,0.01,0.1,0.01,0.1,0.1,0.1,1.0,main,163,True,0
B_target_is_X1,1019,transfer_lasso,32.020355098306226,5.65865311697989,0.9332934504907675,0.03162277660168379,0.01,0.1,0.01,0.1,0.1,0.1,1.0,main,163,True,0
A_target_is_X,1000,single_ridge,31.620207826308967,5.623184847247062,0.9341270591040549,0.03162277660168379,0.0031622776601683794,0.1,0.01,0.1,0.03162277660168379,0.31622776601683794,0.8,off1,163,True,1
A_target_is_X,1000,transfer_ridge,21.758725200905786,4.66462487247429,0.9546710373630809,0.03162277660168379,0.0031622776601683794,0.1,0.01,0.1,0.03162277660168379,0.31622776601683794,0.8,off1,163,True,1
A_target_is_X,1000,transfer_ridge_ada,22.153371939517232,4.706736867461069,0.9538488877608351,0.03162277660168379,0.0031622776601683794,0.1,0.01,0.1,0.03162277660168379,0.31622776601683794,0.8,off1,163,True,1
A_target_is_X,1000,pooled_ridge,22.998756472951154,4.795701874903314,0.9520877366099275,0.03162277660168379,0.0031622776601683794,0.1,0.01,0.1,0.03162277660168379,0.31622776601683794,0.8,off1,163,True,1
A_target_is_X,1000,single_lasso,63.51568523129991,7.969672843429642,0.8676806616139415,0.03162277660168379,0.0031622776601683794,0.1,0.01,0.1,0.03162277660168379,0.31622776601683794,0.8,off1,163,True,1
A_target_is_X,1000,transfer_lasso,36.356937331897925,6.029671411602619,0.9242592459487559,0.03162277660168379,0.0031622776601683794,0.1,0.01,0.1,0.03162277660168379,0.31622776601683794,0.8,off1,163,True,1
A_target_is_X,1001,single_ridge,34.1833789993565,5.8466553686151626,0.9287873211707746,0.01,0.01,0.1,0.01,0.01,0.1,0.1,1.0,off1,163,True,1
A_target_is_X,1001,transfer_ridge,20.853841211265035,4.566600618760638,0.9565561410251034,0.01,0.01,0.1,0.01,0.01,0.1,0.1,1.0,off1,163,True,1
A_target_is_X,1001,transfer_ridge_ada,20.853841211265035,4.566600618760638,0.9565561410251034,0.01,0.01,0.1,0.01,0.01,0.1,0.1,1.0,off1,163,True,1
A_target_is_X,1001,pooled_ridge,25.164554801251832,5.016428490594861,0.9475758274518231,0.01,0.01,0.1,0.01,0.01,0.1,0.1,1.0,off1,163,True,1
A_target_is_X,1001,single_lasso,46.866052189840914,6.845878481965694,0.9023660849136159,0.01,0.01,0.1,0.01,0.01,0.1,0.1,1.0,off1,163,True,1
A_target_is_X,1001,transfer_lasso,26.71253983853867,5.1684175371711865,0.9443509806250998,0.01,0.01,0.1,0.01,0.01,0.1,0.1,1.0,off1,163,True,1
A_target_is_X,1002,single_ridge,188.62670879735742,13.734143904785526,0.6070425561951346,0.03162277660168379,0.0031622776601683794,0.1,0.01,0.1,0.03162277660168379,0.31622776601683794,1.0,off1,163,True,1
A_target_is_X,1002,transfer_ridge,22.288835613681066,4.721105338125921,0.9535666824492584,0.03162277660168379,0.0031622776601683794,0.1,0.01,0.1,0.03162277660168379,0.31622776601683794,1.0,off1,163,True,1
A_target_is_X,1002,transfer_ridge_ada,22.288835613681066,4.721105338125921,0.9535666824492584,0.03162277660168379,0.0031622776601683794,0.1,0.01,0.1,0.03162277660168379,0.31622776601683794,1.0,off1,163,True,1
A_target_is_X,1002,pooled_ridge,27.99065286060597,5.290619326752395,0.9416883458940617,0.03162277660168379,0.0031622776601683794,0.1,0.01,0.1,0.03162277660168379,0.31622776601683794,1.0,off1,163,True,1
A_target_is_X,1002,single_lasso,434.147917064908,20.83621647672408,0.09555938917265894,0.03162277660168379,0.0031622776601683794,0.1,0.01,0.1,0.03162277660168379,0.31622776601683794,1.0,off1,163,True,1
A_target_is_X,1002,transfer_lasso,34.78298748481221,5.897710359521923,0.9275381840828688,0.03162277660168379,0.0031622776601683794,0.1,0.01,0.1,0.03162277660168379,0.31622776601683794,1.0,off1,163,True,1
A_target_is_X,1003,single_ridge,21.923383140768784,4.682241251875942,0.9543280129655113,0.01,0.01,0.1,0.01,0.03162277660168379,0.03162277660168379,0.1,0.9,off1,163,True,1
A_target_is_X,1003,transfer_ridge,17.48278151272404,4.181241623336786,0.9635789163812456,0.01,0.01,0.1,0.01,0.03162277660168379,0.03162277660168379,0.1,0.9,off1,163,True,1
A_target_is_X,1003,transfer_ridge_ada,17.55691951491441,4.190097793001305,0.9634244680530355,0.01,0.01,0.1,0.01,0.03162277660168379,0.03162277660168379,0.1,0.9,off1,163,True,1
A_target_is_X,1003,pooled_ridge,23.68063851963989,4.866275631285171,0.9506672027536586,0.01,0.01,0.1,0.01,0.03162277660168379,0.03162277660168379,0.1,0.9,off1,163,True,1
A_target_is_X,1003,single_lasso,25.994988258160348,5.09852804818806,0.9458458231986748,0.01,0.01,0.1,0.01,0.03162277660168379,0.03162277660168379,0.1,0.9,off1,163,True,1
A_target_is_X,1003,transfer_lasso,20.749814974641758,4.555196480355349,0.9567728541528082,0.01,0.01,0.1,0.01,0.03162277660168379,0.03162277660168379,0.1,0.9,off1,163,True,1
A_target_is_X,1004,single_ridge,23.477775183165473,4.8453870003504855,0.9510898187164295,0.01,0.0031622776601683794,0.1,0.01,0.03162277660168379,0.03162277660168379,1.0,0.8,off1,163,True,1
A_target_is_X,1004,transfer_ridge,19.56186912616809,4.42288018446895,0.9592476477118492,0.01,0.0031622776601683794,0.1,0.01,0.03162277660168379,0.03162277660168379,1.0,0.8,off1,163,True,1
A_target_is_X,1004,transfer_ridge_ada,19.08221533895458,4.368319509714757,0.9602468886323767,0.01,0.0031622776601683794,0.1,0.01,0.03162277660168379,0.03162277660168379,1.0,0.8,off1,163,True,1
A_target_is_X,1004,pooled_ridge,25.67063914944933,5.066620091288603,0.9465215249456442,0.01,0.0031622776601683794,0.1,0.01,0.03162277660168379,0.03162277660168379,1.0,0.8,off1,163,True,1
A_target_is_X,1004,single_lasso,54.8125224319274,7.403547962425002,0.8858115648591076,0.01,0.0031622776601683794,0.1,0.01,0.03162277660168379,0.03162277660168379,1.0,0.8,off1,163,True,1
A_target_is_X,1004,transfer_lasso,40.98320377537416,6.401812538287431,0.9146215554669607,0.01,0.0031622776601683794,0.1,0.01,0.03162277660168379,0.03162277660168379,1.0,0.8,off1,163,True,1
A_target_is_X,1005,single_ridge,58.71007162832197,7.662249775902765,0.8776919778765224,0.01,0.01,0.1,0.01,0.03162277660168379,0.1,0.1,0.9,off1,163,True,1
A_target_is_X,1005,transfer_ridge,20.961797075420552,4.578405516707814,0.956331241483078,0.01,0.01,0.1,0.01,0.03162277660168379,0.1,0.1,0.9,off1,163,True,1
A_target_is_X,1005,transfer_ridge_ada,21.864100547113694,4.675906387762024,0.9544515136967352,0.01,0.01,0.1,0.01,0.03162277660168379,0.1,0.1,0.9,off1,163,True,1
A_target_is_X,1005,pooled_ridge,26.43834740788386,5.141823354402975,0.9449221932457712,0.01,0.01,0.1,0.01,0.03162277660168379,0.1,0.1,0.9,off1,163,True,1
A_target_is_X,1005,single_lasso,191.14732088989277,13.82560381646649,0.6017914796587231,0.01,0.01,0.1,0.01,0.03162277660168379,0.1,0.1,0.9,off1,163,True,1
A_target_is_X,1005,transfer_lasso,33.17340189214872,5.75963556938707,0.930891360545051,0.01,0.01,0.1,0.01,0.03162277660168379,0.1,0.1,0.9,off1,163,True,1
A_target_is_X,1006,single_ridge,30.63944263514318,5.535290654983095,0.9361702426221818,0.01,0.01,0.1,0.01,0.03162277660168379,0.1,0.1,1.0,off1,163,True,1
A_target_is_X,1006,transfer_ridge,22.809650249482875,4.775944958799554,0.9524816930048383,0.01,0.01,0.1,0.01,0.03162277660168379,0.1,0.1,1.0,off1,163,True,1
A_target_is_X,1006,transfer_ridge_ada,22.809650249482875,4.775944958799554,0.9524816930048383,0.01,0.01,0.1,0.01,0.03162277660168379,0.1,0.1,1.0,off1,163,True,1
A_target_is_X,1006,pooled_ridge,25.72727265691931,5.072205896542382,0.9464035429351909,0.01,0.01,0.1,0.01,0.03162277660168379,0.1,0.1,1.0,off1,163,True,1
A_target_is_X,1006,single_lasso,38.010051168153765,6.165229206457272,0.920815389076337,0.01,0.01,0.1,0.01,0.03162277660168379,0.1,0.1,1.0,off1,163,True,1
A_target_is_X,1006,transfer_lasso,26.97945809958149,5.194175401310731,0.9437949219511561,0.01,0.01,0.1,0.01,0.03162277660168379,0.1,0.1,1.0,off1,163,True,1
A_target_is_X,1007,single_ridge,48.01459063538678,6.92925613867656,0.8999733870048686,0.01,0.01,0.1,0.01,0.1,0.1,1.0,1.0,off1,163,True,1
A_target_is_X,1007,transfer_ridge,19.771978457372853,4.4465692907423415,0.9588099364978002,0.01,0.01,0.1,0.01,0.1,0.1,1.0,1.0,off1,163,True,1
A_target_is_X,1007,transfer_ridge_ada,19.771978457372853,4.4465692907423415,0.9588099364978002,0.01,0.01,0.1,0.01,0.1,0.1,1.0,1.0,off1,163,True,1
A_target_is_X,1007,pooled_ridge,23.881973442505974,4.886918604039357,0.9502477708654464,0.01,0.01,0.1,0.01,0.1,0.1,1.0,1.0,off1,163,True,1
A_target_is_X,1007,single_lasso,97.3372951775377,9.86596651005555,0.7972216398000328,0.01,0.01,0.1,0.01,0.1,0.1,1.0,1.0,off1,163,True,1
A_target_is_X,1007,transfer_lasso,29.299013425415833,5.4128563093265125,0.9389626978328685,0.01,0.01,0.1,0.01,0.1,0.1,1.0,1.0,off1,163,True,1
A_target_is_X,1008,single_ridge,38.49172740225358,6.20417016225809,0.9198119348841909,0.03162277660168379,0.01,0.1,0.01,0.03162277660168379,0.1,0.1,1.0,off1,163,True,1
A_target_is_X,1008,transfer_ridge,21.556547436277054,4.6429029104943655,0.9550922251052051,0.03162277660168379,0.01,0.1,0.01,0.03162277660168379,0.1,0.1,1.0,off1,163,True,1
A_target_is_X,1008,transfer_ridge_ada,21.556547436277054,4.6429029104943655,0.9550922251052051,0.03162277660168379,0.01,0.1,0.01,0.03162277660168379,0.1,0.1,1.0,off1,163,True,1
A_target_is_X,1008,pooled_ridge,23.324754561236734,4.8295708464869564,0.9514085996188051,0.03162277660168379,0.01,0.1,0.01,0.03162277660168379,0.1,0.1,1.0,off1,163,True,1
A_target_is_X,1008,single_lasso,40.21264881367415,6.341344401124587,0.9162268175742803,0.03162277660168379,0.01,0.1,0.01,0.03162277660168379,0.1,0.1,1.0,off1,163,True,1
A_target_is_X,1008,transfer_lasso,28.687949936273398,5.356113323695961,0.9402356986089879,0.03162277660168379,0.01,0.1,0.01,0.03162277660168379,0.1,0.1,1.0,off1,163,True,1
A_target_is_X,1009,single_ridge,38.07908074594498,6.170824964779424,0.9206715828963494,0.01,0.01,0.1,0.01,0.03162277660168379,0.03162277660168379,0.1,1.0,off1,163,True,1
A_target_is_X,1009,transfer_ridge,19.725847581201332,4.441379017962927,0.958906038854123,0.01,0.01,0.1,0.01,0.03162277660168379,0.03162277660168379,0.1,1.0,off1,163,True,1
A_target_is_X,1009,transfer_ridge_ada,19.725847581201332,4.441379017962927,0.958906038854123,0.01,0.01,0.1,0.01,0.03162277660168379,0.03162277660168379,0.1,1.0,off1,163,True,1
A_target_is_X,1009,pooled_ridge,25.267431202935622,5.026671980837383,0.9473615097229541,0.01,0.01,0.1,0.01,0.03162277660168379,0.03162277660168379,0.1,1.0,off1,163,True,1
A_target_is_X,1009,single_lasso,40.80166970152025,6.3876184686877036,0.9149997371469568,0.01,0.01,0.1,0.01,0.03162277660168379,0.03162277660168379,0.1,1.0,off1,163,True,1
A_target_is_X,1009,transfer_lasso,26.357008135357813,5.133907686680567,0.9450916436529622,0.01,0.01,0.1,0.01,0.03162277660168379,0.03162277660168379,0.1,1.0,off1,163,True,1
A_target_is_X,1010,single_ridge,29.96347415739606,5.473890221533134,0.9375784570092205,0.01,0.01,0.1,0.01,0.03162277660168379,0.1,0.31622776601683794,0.9,off1,163,True,1
A_target_is_X,1010,transfer_ridge,21.226657144070046,4.607239644740661,0.9557794705477419,0.01,0.01,0.1,0.01,0.03162277660168379,0.1,0.31622776601683794,0.9,off1,163,True,1
A_target_is_X,1010,transfer_ridge_ada,20.989249700157586,4.581402590927541,0.9562740506784927,0.01,0.01,0.1,0.01,0.03162277660168379,0.1,0.31622776601683794,0.9,off1,163,True,1
A_target_is_X,1010,pooled_ridge,23.788376370541258,4.877332915696986,0.9504427573887303,0.01,0.01,0.1,0.01,0.03162277660168379,0.1,0.31622776601683794,0.9,off1,163,True,1
A_target_is_X,1010,single_lasso,51.433562692183955,7.171719646792111,0.8928507980117976,0.01,0.01,0.1,0.01,0.03162277660168379,0.1,0.31622776601683794,0.9,off1,163,True,1
A_target_is_X,1010,transfer_lasso,34.34383010525917,5.860360919368292,0.9284530606790702,0.01,0.01,0.1,0.01,0.03162277660168379,0.1,0.31622776601683794,0.9,off1,163,True,1
A_target_is_X,1011,single_ridge,25.48508814490457,5.048275759594019,0.9469080749146609,0.01,0.0031622776601683794,0.1,0.01,0.01,0.1,0.1,0.9,off1,163,True,1
A_target_is_X,1011,transfer_ridge,21.8211468189586,4.671311038558511,0.9545409972450902,0.01,0.0031622776601683794,0.1,0.01,0.01,0.1,0.1,0.9,off1,163,True,1
A_target_is_X,1011,transfer_ridge_ada,21.7824264357153,4.667164710583429,0.9546216616585205,0.01,0.0031622776601683794,0.1,0.01,0.01,0.1,0.1,0.9,off1,163,True,1
A_target_is_X,1011,pooled_ridge,25.708875078980302,5.070392004468718,0.9464418697726001,0.01,0.0031622776601683794,0.1,0.01,0.01,0.1,0.1,0.9,off1,163,True,1
A_target_is_X,1011,single_lasso,29.56825413625668,5.437669917920421,0.9384018009048841,0.01,0.0031622776601683794,0.1,0.01,0.01,0.1,0.1,0.9,off1,163,True,1
A_target_is_X,1011,transfer_lasso,26.7192102328025,5.169062800237825,0.9443370844960957,0.01,0.0031622776601683794,0.1,0.01,0.01,0.1,0.1,0.9,off1,163,True,1
A_target_is_X,1012,single_ridge,28.498784189751643,5.338425253738376,0.9406297790055689,0.03162277660168379,0.0031622776601683794,0.31622776601683794,0.01,0.1,0.03162277660168379,10.0,0.8,off1,163,True,1
A_target_is_X,1012,transfer_ridge,21.71362712191285,4.659788312993719,0.9547649881400125,0.03162277660168379,0.0031622776601683794,0.31622776601683794,0.01,0.1,0.03162277660168379,10.0,0.8,off1,163,True,1
A_target_is_X,1012,transfer_ridge_ada,20.745091240916135,4.554677951394163,0.9567826948924462,0.03162277660168379,0.0031622776601683794,0.31622776601683794,0.01,0.1,0.03162277660168379,10.0,0.8,off1,163,True,1
A_target_is_X,1012,pooled_ridge,22.971382492401563,4.792847013248134,0.9521447635786539,0.03162277660168379,0.0031622776601683794,0.31622776601683794,0.01,0.1,0.03162277660168379,10.0,0.8,off1,163,True,1
A_target_is_X,1012,single_lasso,71.27035125679811,8.442176926409331,0.8515257185607078,0.03162277660168379,0.0031622776601683794,0.31622776601683794,0.01,0.1,0.03162277660168379,10.0,0.8,off1,163,True,1
A_target_is_X,1012,transfer_lasso,32.6070363893212,5.71025712112171,0.9320712440391188,0.03162277660168379,0.0031622776601683794,0.31622776601683794,0.01,0.1,0.03162277660168379,10.0,0.8,off1,163,True,1
A_target_is_X,1013,single_ridge,29.259830951478285,5.409235708626339,0.9390443248988265,0.01,0.01,0.1,0.01,0.03162277660168379,0.03162277660168379,1.0,0.8,off1,163,True,1
A_target_is_X,1013,transfer_ridge,21.7013283579236,4.658468456255081,0.9547906095956907,0.01,0.01,0.1,0.01,0.03162277660168379,0.03162277660168379,1.0,0.8,off1,163,True,1
A_target_is_X,1013,transfer_ridge_ada,22.47445086262202,4.740722609752866,0.953179998642813,0.01,0.01,0.1,0.01,0.03162277660168379,0.03162277660168379,1.0,0.8,off1,163,True,1
A_target_is_X,1013,pooled_ridge,25.58623554048826,5.058283853293354,0.946697359145566,0.01,0.01,0.1,0.01,0.03162277660168379,0.03162277660168379,1.0,0.8,off1,163,True,1
A_target_is_X,1013,single_lasso,68.97690474684298,8.305233575694484,0.8563035513702881,0.01,0.01,0.1,0.01,0.03162277660168379,0.03162277660168379,1.0,0.8,off1,163,True,1
A_target_is_X,1013,transfer_lasso,32.84888411480062,5.731394604701427,0.931567413671721,0.01,0.01,0.1,0.01,0.03162277660168379,0.03162277660168379,1.0,0.8,off1,163,True,1
A_target_is_X,1014,single_ridge,27.22367284821088,5.217630961289892,0.9432861604720808,0.01,0.0031622776601683794,0.1,0.01,0.1,0.03162277660168379,1.0,1.0,off1,163,True,1
A_target_is_X,1014,transfer_ridge,22.544789933855593,4.748135416545699,0.953033464454692,0.01,0.0031622776601683794,0.1,0.01,0.1,0.03162277660168379,1.0,1.0,off1,163,True,1
A_target_is_X,1014,transfer_ridge_ada,22.544789933855593,4.748135416545699,0.953033464454692,0.01,0.0031622776601683794,0.1,0.01,0.1,0.03162277660168379,1.0,1.0,off1,163,True,1
A_target_is_X,1014,pooled_ridge,24.056874449869483,4.904780774904163,0.9498834075512018,0.01,0.0031622776601683794,0.1,0.01,0.1,0.03162277660168379,1.0,1.0,off1,163,True,1
A_target_is_X,1014,single_lasso,55.79681909444541,7.4697268420234355,0.8837610243873218,0.01,0.0031622776601683794,0.1,0.01,0.1,0.03162277660168379,1.0,1.0,off1,163,True,1
A_target_is_X,1014,transfer_lasso,38.21597831105712,6.181907336013467,0.9203863904249727,0.01,0.0031622776601683794,0.1,0.01,0.1,0.03162277660168379,1.0,1.0,off1,163,True,1
A_target_is_X,1015,single_ridge,27.0903485159078,5.204838951966506,0.943563908990055,0.01,0.01,0.1,0.01,0.03162277660168379,0.01,0.1,1.0,off1,163,True,1
A_target_is_X,1015,transfer_ridge,21.279423674577313,4.612962570255401,0.9556695444345271,0.01,0.01,0.1,0.01,0.03162277660168379,0.01,0.1,1.0,off1,163,True,1
A_target_is_X,1015,transfer_ridge_ada,21.279423674577313,4.612962570255401,0.9556695444345271,0.01,0.01,0.1,0.01,0.03162277660168379,0.01,0.1,1.0,off1,163,True,1
A_target_is_X,1015,pooled_ridge,24.545478956679496,4.954339406689805,0.9488655200036125,0.01,0.01,0.1,0.01,0.03162277660168379,0.01,0.1,1.0,off1,163,True,1
A_target_is_X,1015,single_lasso,54.45790226587166,7.3795597609797605,0.8865503289231333,0.01,0.01,0.1,0.01,0.03162277660168379,0.01,0.1,1.0,off1,163,True,1
A_target_is_X,1015,transfer_lasso,34.461212988586645,5.870367364023026,0.9282085222567391,0.01,0.01,0.1,0.01,0.03162277660168379,0.01,0.1,1.0,off1,163,True,1
A_target_is_X,1016,single_ridge,36.25409242526556,6.021137137224626,0.9244734980654168,0.01,0.01,0.1,0.01,0.01,0.1,0.03162277660168379,1.0,off1,163,True,1
A_target_is_X,1016,transfer_ridge,18.946056174040812,4.352706764076902,0.9605305428282023,0.01,0.01,0.1,0.01,0.01,0.1,0.03162277660168379,1.0,off1,163,True,1
A_target_is_X,1016,transfer_ridge_ada,18.946056174040812,4.352706764076902,0.9605305428282023,0.01,0.01,0.1,0.01,0.01,0.1,0.03162277660168379,1.0,off1,163,True,1
A_target_is_X,1016,pooled_ridge,22.920531069597534,4.787539145489834,0.9522507000350884,0.01,0.01,0.1,0.01,0.01,0.1,0.03162277660168379,1.0,off1,163,True,1
A_target_is_X,1016,single_lasso,42.748419097945316,6.53822751959163,0.9109441626664112,0.01,0.01,0.1,0.01,0.01,0.1,0.03162277660168379,1.0,off1,163,True,1
A_target_is_X,1016,transfer_lasso,26.57241704206493,5.15484403663825,0.9446428920742905,0.01,0.01,0.1,0.01,0.01,0.1,0.03162277660168379,1.0,off1,163,True,1
A_target_is_X,1017,single_ridge,29.030388300173797,5.387985551221699,0.9395223123393712,0.01,0.0031622776601683794,0.1,0.01,0.03162277660168379,0.01,0.03162277660168379,0.8,off1,163,True,1
A_target_is_X,1017,transfer_ridge,21.677662222892703,4.655927643648761,0.9548399121784785,0.01,0.0031622776601683794,0.1,0.01,0.03162277660168379,0.01,0.03162277660168379,0.8,off1,163,True,1
A_target_is_X,1017,transfer_ridge_ada,22.073197845508933,4.698212196730681,0.9540159108046116,0.01,0.0031622776601683794,0.1,0.01,0.03162277660168379,0.01,0.03162277660168379,0.8,off1,163,True,1
A_target_is_X,1017,pooled_ridge,23.15077941325487,4.81152568456772,0.9517710341323075,0.01,0.0031622776601683794,0.1,0.01,0.03162277660168379,0.01,0.03162277660168379,0.8,off1,163,True,1
A_target_is_X,1017,single_lasso,53.233498049014266,7.296128976999671,0.8891010745429229,0.01,0.0031622776601683794,0.1,0.01,0.03162277660168379,0.01,0.03162277660168379,0.8,off1,163,True,1
A_target_is_X,1017,transfer_lasso,43.55599925515486,6.599696906309778,0.909261767653171,0.01,0.0031622776601683794,0.1,0.01,0.03162277660168379,0.01,0.03162277660168379,0.8,off1,163,True,1
A_target_is_X,1018,single_ridge,35.588968241834706,5.965649021006407,0.9258591210272984,0.01,0.0031622776601683794,0.1,0.01,0.03162277660168379,0.03162277660168379,0.1,1.0,off1,163,True,1
A_target_is_X,1018,transfer_ridge,24.194016496819977,4.918741352909296,0.9495977057619301,0.01,0.0031622776601683794,0.1,0.01,0.03162277660168379,0.03162277660168379,0.1,1.0,off1,163,True,1
A_target_is_X,1018,transfer_ridge_ada,24.194016496819977,4.918741352909296,0.9495977057619301,0.01,0.0031622776601683794,0.1,0.01,0.03162277660168379,0.03162277660168379,0.1,1.0,off1,163,True,1
A_target_is_X,1018,pooled_ridge,26.879359420838973,5.184530781164191,0.944003452976151,0.01,0.0031622776601683794,0.1,0.01,0.03162277660168379,0.03162277660168379,0.1,1.0,off1,163,True,1
A_target_is_X,1018,single_lasso,50.62137180144888,7.114869767005499,0.8945427983564981,0.01,0.0031622776601683794,0.1,0.01,0.03162277660168379,0.03162277660168379,0.1,1.0,off1,163,True,1
A_target_is_X,1018,transfer_lasso,31.06651471754302,5.573734360152359,0.9352805427759074,0.01,0.0031622776601683794,0.1,0.01,0.03162277660168379,0.03162277660168379,0.1,1.0,off1,163,True,1
A_target_is_X,1019,single_ridge,63.57392259847411,7.973325692487051,0.8675593383555089,0.03162277660168379,0.01,0.1,0.01,0.1,0.1,0.1,1.0,off1,163,True,1
A_target_is_X,1019,transfer_ridge,18.94291072520504,4.352345428065774,0.9605370955987086,0.03162277660168379,0.01,0.1,0.01,0.1,0.1,0.1,1.0,off1,163,True,1
A_target_is_X,1019,transfer_ridge_ada,18.94291072520504,4.352345428065774,0.9605370955987086,0.03162277660168379,0.01,0.1,0.01,0.1,0.1,0.1,1.0,off1,163,True,1
A_target_is_X,1019,pooled_ridge,23.30107958214674,4.8271191804374105,0.951457920626019,0.03162277660168379,0.01,0.1,0.01,0.1,0.1,0.1,1.0,off1,163,True,1
A_target_is_X,1019,single_lasso,44.66387880593652,6.683103979883638,0.9069537725707432,0.03162277660168379,0.01,0.1,0.01,0.1,0.1,0.1,1.0,off1,163,True,1
A_target_is_X,1019,transfer_lasso,23.389170124830578,4.83623511885336,0.9512744056047523,0.03162277660168379,0.01,0.1,0.01,0.1,0.1,0.1,1.0,off1,163,True,1
B_target_is_X1,1000,single_ridge,24.196969725448852,4.919041545407891,0.9495915534350388,0.01,0.01,0.03162277660168379,0.01,0.1,0.03162277660168379,0.1,1.0,off1,163,True,1
B_target_is_X1,1000,transfer_ridge,21.11927177855911,4.5955708871215455,0.9560031815958872,0.01,0.01,0.03162277660168379,0.01,0.1,0.03162277660168379,0.1,1.0,off1,163,True,1
B_target_is_X1,1000,transfer_ridge_ada,21.11927177855911,4.5955708871215455,0.9560031815958872,0.01,0.01,0.03162277660168379,0.01,0.1,0.03162277660168379,0.1,1.0,off1,163,True,1
B_target_is_X1,1000,pooled_ridge,25.63336592875586,5.06294044293984,0.9465991745511506,0.01,0.01,0.03162277660168379,0.01,0.1,0.03162277660168379,0.1,1.0,off1,163,True,1
B_target_is_X1,1000,single_lasso,52.62092603332875,7.2540282625124055,0.8903772179637827,0.01,0.01,0.03162277660168379,0.01,0.1,0.03162277660168379,0.1,1.0,off1,163,True,1
B_target_is_X1,1000,transfer_lasso,44.80133574786536,6.693379994282811,0.9066674147750844,0.01,0.01,0.03162277660168379,0.01,0.1,0.03162277660168379,0.1,1.0,off1,163,True,1
B_target_is_X1,1001,single_ridge,48.7860672712482,6.984702375280438,0.8983662048156859,0.01,0.01,0.31622776601683794,0.01,0.03162277660168379,0.03162277660168379,0.1,0.9,off1,163,True,1
B_target_is_X1,1001,transfer_ridge,21.89544532815254,4.679256920511262,0.9543862145399393,0.01,0.01,0.31622776601683794,0.01,0.03162277660168379,0.03162277660168379,0.1,0.9,off1,163,True,1
B_target_is_X1,1001,transfer_ridge_ada,21.637857622479203,4.651651064136174,0.95492283529223,0.01,0.01,0.31622776601683794,0.01,0.03162277660168379,0.03162277660168379,0.1,0.9,off1,163,True,1
B_target_is_X1,1001,pooled_ridge,26.755344368301877,5.1725568501759245,0.9442618078949693,0.01,0.01,0.31622776601683794,0.01,0.03162277660168379,0.03162277660168379,0.1,0.9,off1,163,True,1
B_target_is_X1,1001,single_lasso,55.58990776411866,7.455863985087084,0.884192073351585,0.01,0.01,0.31622776601683794,0.01,0.03162277660168379,0.03162277660168379,0.1,0.9,off1,163,True,1
B_target_is_X1,1001,transfer_lasso,29.949928257517133,5.472652762373759,0.9376066765663786,0.01,0.01,0.31622776601683794,0.01,0.03162277660168379,0.03162277660168379,0.1,0.9,off1,163,True,1
B_target_is_X1,1002,single_ridge,265.26740053895384,16.287031667524744,0.4473804886638142,0.03162277660168379,0.01,0.1,0.01,0.1,0.03162277660168379,0.31622776601683794,1.0,off1,163,True,1
B_target_is_X1,1002,transfer_ridge,23.793030959212906,4.877810057721898,0.9504330606958387,0.03162277660168379,0.01,0.1,0.01,0.1,0.03162277660168379,0.31622776601683794,1.0,off1,163,True,1
B_target_is_X1,1002,transfer_ridge_ada,23.793030959212906,4.877810057721898,0.9504330606958387,0.03162277660168379,0.01,0.1,0.01,0.1,0.03162277660168379,0.31622776601683794,1.0,off1,163,True,1
B_target_is_X1,1002,pooled_ridge,29.40596315369768,5.422726542404447,0.9387398943279501,0.03162277660168379,0.01,0.1,0.01,0.1,0.03162277660168379,0.31622776601683794,1.0,off1,163,True,1
B_target_is_X1,1002,single_lasso,415.3023244092343,20.378967697340176,0.13481955526566458,0.03162277660168379,0.01,0.1,0.01,0.1,0.03162277660168379,0.31622776601683794,1.0,off1,163,True,1
B_target_is_X1,1002,transfer_lasso,35.44984328805975,5.953977098382203,0.926148953716176,0.03162277660168379,0.01,0.1,0.01,0.1,0.03162277660168379,0.31622776601683794,1.0,off1,163,True,1
B_target_is_X1,1003,single_ridge,38.82556002080196,6.23101597019314,0.9191164765724817,0.01,0.01,0.1,0.01,0.03162277660168379,0.03162277660168379,0.1,0.9,off1,163,True,1
B_target_is_X1,1003,transfer_ridge,21.137830005615942,4.597589586469843,0.9559645200854769,0.01,0.01,0.1,0.01,0.03162277660168379,0.03162277660168379,0.1,0.9,off1,163,True,1
B_target_is_X1,1003,transfer_ridge_ada,21.767566481351988,4.665572470914152,0.9546526187256236,0.01,0.01,0.1,0.01,0.03162277660168379,0.03162277660168379,0.1,0.9,off1,163,True,1
B_target_is_X1,1003,pooled_ridge,28.136495521738507,5.304384556358872,0.9413845185109634,0.01,0.01,0.1,0.01,0.03162277660168379,0.03162277660168379,0.1,0.9,off1,163,True,1
B_target_is_X1,1003,single_lasso,32.71791040816156,5.719957203350525,0.9318402652381544,0.01,0.01,0.1,0.01,0.03162277660168379,0.03162277660168379,0.1,0.9,off1,163,True,1
B_target_is_X1,1003,transfer_lasso,39.79235391158066,6.308118095880947,0.9171023988290447,0.01,0.01,0.1,0.01,0.03162277660168379,0.03162277660168379,0.1,0.9,off1,163,True,1
B_target_is_X1,1004,single_ridge,62.698394058814756,7.918231750764482,0.8693832871436541,0.01,0.01,0.1,0.01,0.1,0.01,0.31622776601683794,1.0,off1,163,True,1
B_target_is_X1,1004,transfer_ridge,23.234424321693442,4.8202099873027775,0.951596780498679,0.01,0.01,0.1,0.01,0.1,0.01,0.31622776601683794,1.0,off1,163,True,1
B_target_is_X1,1004,transfer_ridge_ada,23.234424321693442,4.8202099873027775,0.951596780498679,0.01,0.01,0.1,0.01,0.1,0.01,0.31622776601683794,1.0,off1,163,True,1
B_target_is_X1,1004,pooled_ridge,28.4696077253605,5.335691869416796,0.9406905610069064,0.01,0.01,0.1,0.01,0.1,0.01,0.31622776601683794,1.0,off1,163,True,1
B_target_is_X1,1004,single_lasso,123.04321013947244,11.092484398883437,0.7436696762498496,0.01,0.01,0.1,0.01,0.1,0.01,0.31622776601683794,1.0,off1,163,True,1
B_target_is_X1,1004,transfer_lasso,36.315661686175545,6.026247728576676,0.924345233624297,0.01,0.01,0.1,0.01,0.1,0.01,0.31622776601683794,1.0,off1,163,True,1
B_target_is_X1,1005,single_ridge,52.030865346251915,7.213242360149277,0.891606464557554,0.01,0.01,0.1,0.01,0.1,0.1,0.31622776601683794,1.0,off1,163,True,1
B_target_is_X1,1005,transfer_ridge,21.16843130232464,4.600916354632481,0.9559007697957729,0.01,0.01,0.1,0.01,0.1,0.1,0.31622776601683794,1.0,off1,163,True,1
B_target_is_X1,1005,transfer_ridge_ada,21.16843130232464,4.600916354632481,0.9559007697957729,0.01,0.01,0.1,0.01,0.1,0.1,0.31622776601683794,1.0,off1,163,True,1
B_target_is_X1,1005,pooled_ridge,27.621794601196722,5.255644071015152,0.9424567715304305,0.01,0.01,0.1,0.01,0.1,0.1,0.31622776601683794,1.0,off1,163,True,1
B_target_is_X1,1005,single_lasso,208.10205440308263,14.425742767812084,0.5664704544220833,0.01,0.01,0.1,0.01,0.1,0.1,0.31622776601683794,1.0,off1,163,True,1
B_target_is_X1,1005,transfer_lasso,27.181529011618995,5.213590798252103,0.9433739568101757,0.01,0.01,0.1,0.01,0.1,0.1,0.31622776601683794,1.0,off1,163,True,1
B_target_is_X1,1006,single_ridge,40.85989016749606,6.392174134634949,0.9148784490980222,0.03162277660168379,0.01,0.1,0.01,0.01,0.1,0.03162277660168379,1.0,off1,163,True,1
B_target_is_X1,1006,transfer_ridge,21.46551938525276,4.633089615499873,0.9552818597040014,0.03162277660168379,0.01,0.1,0.01,0.01,0.1,0.03162277660168379,1.0,off1,163,True,1
B_target_is_X1,1006,transfer_ridge_ada,21.46551938525276,4.633089615499873,0.9552818597040014,0.03162277660168379,0.01,0.1,0.01,0.01,0.1,0.03162277660168379,1.0,off1,163,True,1
B_target_is_X1,1006,pooled_ridge,25.940134319412817,5.093145817607504,0.9459600979145424,0.03162277660168379,0.01,0.1,0.01,0.01,0.1,0.03162277660168379,1.0,off1,163,True,1
B_target_is_X1,1006,single_lasso,49.47316735312669,7.033716468064852,0.8969348004640192,0.03162277660168379,0.01,0.1,0.01,0.01,0.1,0.03162277660168379,1.0,off1,163,True,1
B_target_is_X1,1006,transfer_lasso,30.15571072844923,5.49142155807121,0.9371779793035525,0.03162277660168379,0.01,0.1,0.01,0.01,0.1,0.03162277660168379,1.0,off1,163,True,1
B_target_is_X1,1007,single_ridge,61.60487578001555,7.848877357942061,0.8716613640413031,0.01,0.01,0.1,0.01,0.1,0.1,10.0,1.0,off1,163,True,1
B_target_is_X1,1007,transfer_ridge,20.861088068302497,4.567394012815458,0.9565410439774202,0.01,0.01,0.1,0.01,0.1,0.1,10.0,1.0,off1,163,True,1
B_target_is_X1,1007,transfer_ridge_ada,20.861088068302497,4.567394012815458,0.9565410439774202,0.01,0.01,0.1,0.01,0.1,0.1,10.0,1.0,off1,163,True,1
B_target_is_X1,1007,pooled_ridge,26.526396379840048,5.150378275412404,0.9447387648269108,0.01,0.01,0.1,0.01,0.1,0.1,10.0,1.0,off1,163,True,1
B_target_is_X1,1007,single_lasso,103.43214415717333,10.17015949516886,0.7845245181109337,0.01,0.01,0.1,0.01,0.1,0.1,10.0,1.0,off1,163,True,1
B_target_is_X1,1007,transfer_lasso,34.387657285877886,5.864099017400532,0.9283617575069218,0.01,0.01,0.1,0.01,0.1,0.1,10.0,1.0,off1,163,True,1
B_target_is_X1,1008,single_ridge,36.437074599165285,6.036312997117138,0.9240922996244539,0.01,0.01,0.1,0.01,0.03162277660168379,0.1,0.31622776601683794,1.0,off1,163,True,1
B_target_is_X1,1008,transfer_ridge,24.714193194940535,4.971337163675437,0.9485140453040684,0.01,0.01,0.1,0.01,0.03162277660168379,0.1,0.31622776601683794,1.0,off1,163,True,1
B_target_is_X1,1008,transfer_ridge_ada,24.714193194940535,4.971337163675437,0.9485140453040684,0.01,0.01,0.1,0.01,0.03162277660168379,0.1,0.31622776601683794,1.0,off1,163,True,1
B_target_is_X1,1008,pooled_ridge,27.47473198000318,5.241634476001086,0.9427631404008407,0.01,0.01,0.1,0.01,0.03162277660168379,0.1,0.31622776601683794,1.0,off1,163,True,1
B_target_is_X1,1008,single_lasso,41.77018788291048,6.462985988141277,0.9129820672673084,0.01,0.01,0.1,0.01,0.03162277660168379,0.1,0.31622776601683794,1.0,off1,163,True,1
B_target_is_X1,1008,transfer_lasso,34.12044325374054,5.841270688278411,0.9289184323473353,0.01,0.01,0.1,0.01,0.03162277660168379,0.1,0.31622776601683794,1.0,off1,163,True,1
B_target_is_X1,1009,single_ridge,38.52753500309803,6.2070552601936795,0.9197373385378604,0.01,0.01,0.1,0.01,0.03162277660168379,0.03162277660168379,0.31622776601683794,1.0,off1,163,True,1
B_target_is_X1,1009,transfer_ridge,21.35018847420779,4.620626415780418,0.9555221233457988,0.01,0.01,0.1,0.01,0.03162277660168379,0.03162277660168379,0.31622776601683794,1.0,off1,163,True,1
B_target_is_X1,1009,transfer_ridge_ada,21.35018847420779,4.620626415780418,0.9555221233457988,0.01,0.01,0.1,0.01,0.03162277660168379,0.03162277660168379,0.31622776601683794,1.0,off1,163,True,1
B_target_is_X1,1009,pooled_ridge,30.15031111156871,5.4909298949785095,0.9371892280798283,0.01,0.01,0.1,0.01,0.03162277660168379,0.03162277660168379,0.31622776601683794,1.0,off1,163,True,1
B_target_is_X1,1009,single_lasso,39.42942351325266,6.2792852708929106,0.9178584752220186,0.01,0.01,0.1,0.01,0.03162277660168379,0.03162277660168379,0.31622776601683794,1.0,off1,163,True,1
B_target_is_X1,1009,transfer_lasso,37.48498784822769,6.122498497200933,0.9219092296111655,0.01,0.01,0.1,0.01,0.03162277660168379,0.03162277660168379,0.31622776601683794,1.0,off1,163,True,1
B_target_is_X1,1010,single_ridge,28.30924240523679,5.320643044335599,0.9410246427849989,0.01,0.01,0.1,0.01,0.1,0.1,0.31622776601683794,0.9,off1,163,True,1
B_target_is_X1,1010,transfer_ridge,21.248966013778674,4.609660075729953,0.9557329954940723,0.01,0.01,0.1,0.01,0.1,0.1,0.31622776601683794,0.9,off1,163,True,1
B_target_is_X1,1010,transfer_ridge_ada,21.48869263464706,4.635589782826675,0.9552335839274441,0.01,0.01,0.1,0.01,0.1,0.1,0.31622776601683794,0.9,off1,163,True,1
B_target_is_X1,1010,pooled_ridge,27.559291637533228,5.249694432777324,0.9425869811120323,0.01,0.01,0.1,0.01,0.1,0.1,0.31622776601683794,0.9,off1,163,True,1
B_target_is_X1,1010,single_lasso,64.87090149792958,8.054247419711514,0.8648574012001171,0.01,0.01,0.1,0.01,0.1,0.1,0.31622776601683794,0.9,off1,163,True,1
B_target_is_X1,1010,transfer_lasso,32.263076746706766,5.680059572461082,0.9327877995194936,0.01,0.01,0.1,0.01,0.1,0.1,0.31622776601683794,0.9,off1,163,True,1
B_target_is_X1,1011,single_ridge,39.63176470113939,6.295376454282888,0.9174369470276533,0.01,0.01,0.1,0.01,0.03162277660168379,0.1,0.31622776601683794,1.0,off1,163,True,1
B_target_is_X1,1011,transfer_ridge,21.2290003237862,4.607493930954896,0.9557745891080057,0.01,0.01,0.1,0.01,0.03162277660168379,0.1,0.31622776601683794,1.0,off1,163,True,1
B_target_is_X1,1011,transfer_ridge_ada,21.2290003237862,4.607493930954896,0.9557745891080057,0.01,0.01,0.1,0.01,0.03162277660168379,0.1,0.31622776601683794,1.0,off1,163,True,1
B_target_is_X1,1011,pooled_ridge,26.112051533531908,5.109995257681939,0.9456019506010627,0.01,0.01,0.1,0.01,0.03162277660168379,0.1,0.31622776601683794,1.0,off1,163,True,1
B_target_is_X1,1011,single_lasso,56.013596925955355,7.484223201238413,0.8833094209898665,0.01,0.01,0.1,0.01,0.03162277660168379,0.1,0.31622776601683794,1.0,off1,163,True,1
B_target_is_X1,1011,transfer_lasso,36.376613129328575,6.031302772148699,0.9242182562548125,0.01,0.01,0.1,0.01,0.03162277660168379,0.1,0.31622776601683794,1.0,off1,163,True,1
B_target_is_X1,1012,single_ridge,40.52149087238139,6.365649289144148,0.9155834209593321,0.01,0.01,0.1,0.01,0.1,0.03162277660168379,0.31622776601683794,0.9,off1,163,True,1
B_target_is_X1,1012,transfer_ridge,23.583967740710417,4.856332746086332,0.9508685925908718,0.01,0.01,0.1,0.01,0.1,0.03162277660168379,0.31622776601683794,0.9,off1,163,True,1
B_target_is_X1,1012,transfer_ridge_ada,23.965220023154355,4.895428482079414,0.9500743470499876,0.01,0.01,0.1,0.01,0.1,0.03162277660168379,0.31622776601683794,0.9,off1,163,True,1
B_target_is_X1,1012,pooled_ridge,28.270158664465452,5.316968935819115,0.941106064164642,0.01,0.01,0.1,0.01,0.1,0.03162277660168379,0.31622776601683794,0.9,off1,163,True,1
B_target_is_X1,1012,single_lasso,129.27133704943304,11.369755364537667,0.7306949027099069,0.01,0.01,0.1,0.01,0.1,0.03162277660168379,0.31622776601683794,0.9,off1,163,True,1
B_target_is_X1,1012,transfer_lasso,32.339795428121846,5.686808896747089,0.9326279749796225,0.01,0.01,0.1,0.01,0.1,0.03162277660168379,0.31622776601683794,0.9,off1,163,True,1
B_target_is_X1,1013,single_ridge,24.26825679720584,4.9262822490399225,0.9494430443205418,0.01,0.01,0.1,0.01,0.1,0.1,10.0,1.0,off1,163,True,1
B_target_is_X1,1013,transfer_ridge,21.33281124796666,4.618745635772408,0.9555583245309208,0.01,0.01,0.1,0.01,0.1,0.1,10.0,1.0,off1,163,True,1
B_target_is_X1,1013,transfer_ridge_ada,21.33281124796666,4.618745635772408,0.9555583245309208,0.01,0.01,0.1,0.01,0.1,0.1,10.0,1.0,off1,163,True,1
B_target_is_X1,1013,pooled_ridge,26.412276028032593,5.13928750198241,0.9449765065657043,0.01,0.01,0.1,0.01,0.1,0.1,10.0,1.0,off1,163,True,1
B_target_is_X1,1013,single_lasso,57.975600634015336,7.6141710405017395,0.8792220678956492,0.01,0.01,0.1,0.01,0.1,0.1,10.0,1.0,off1,163,True,1
B_target_is_X1,1013,transfer_lasso,58.04020605313745,7.618412305273156,0.8790874783642088,0.01,0.01,0.1,0.01,0.1,0.1,10.0,1.0,off1,163,True,1
B_target_is_X1,1014,single_ridge,37.18244438048685,6.097740924349512,0.9225395046580096,0.03162277660168379,0.01,0.1,0.01,0.1,0.03162277660168379,0.1,0.8,off1,163,True,1
B_target_is_X1,1014,transfer_ridge,23.32542052417829,4.82963979238393,0.9514072122484966,0.03162277660168379,0.01,0.1,0.01,0.1,0.03162277660168379,0.1,0.8,off1,163,True,1
B_target_is_X1,1014,transfer_ridge_ada,23.138598440994667,4.810259706189955,0.9517964101978336,0.03162277660168379,0.01,0.1,0.01,0.1,0.03162277660168379,0.1,0.8,off1,163,True,1
B_target_is_X1,1014,pooled_ridge,28.869473387053755,5.3730320478342355,0.9398575390595578,0.03162277660168379,0.01,0.1,0.01,0.1,0.03162277660168379,0.1,0.8,off1,163,True,1
B_target_is_X1,1014,single_lasso,52.33258692256547,7.234126548697186,0.8909779017197412,0.03162277660168379,0.01,0.1,0.01,0.1,0.03162277660168379,0.1,0.8,off1,163,True,1
B_target_is_X1,1014,transfer_lasso,32.146109208751234,5.669753893137799,0.9330314726717011,0.03162277660168379,0.01,0.1,0.01,0.1,0.03162277660168379,0.1,0.8,off1,163,True,1
B_target_is_X1,1015,single_ridge,54.5551986260268,7.386149106674384,0.8863476358410038,0.03162277660168379,0.01,0.1,0.01,0.1,0.03162277660168379,1.0,1.0,off1,163,True,1
B_target_is_X1,1015,transfer_ridge,20.774327952451085,4.557886347030944,0.956721787380974,0.03162277660168379,0.01,0.1,0.01,0.1,0.03162277660168379,1.0,1.0,off1,163,True,1
B_target_is_X1,1015,transfer_ridge_ada,20.774327952451085,4.557886347030944,0.956721787380974,0.03162277660168379,0.01,0.1,0.01,0.1,0.03162277660168379,1.0,1.0,off1,163,True,1
B_target_is_X1,1015,pooled_ridge,25.00757804774807,5.000757747356701,0.9479028499831864,0.03162277660168379,0.01,0.1,0.01,0.1,0.03162277660168379,1.0,1.0,off1,163,True,1
B_target_is_X1,1015,single_lasso,214.39968582320682,14.642393445854637,0.5533508852971414,0.03162277660168379,0.01,0.1,0.01,0.1,0.03162277660168379,1.0,1.0,off1,163,True,1
B_target_is_X1,1015,transfer_lasso,37.84290780866675,6.15165894768775,0.9211635912355738,0.03162277660168379,0.01,0.1,0.01,0.1,0.03162277660168379,1.0,1.0,off1,163,True,1
B_target_is_X1,1016,single_ridge,29.67986837622346,5.447923308584975,0.9381692800349118,0.01,0.01,0.1,0.01,0.01,0.1,0.1,1.0,off1,163,True,1
B_target_is_X1,1016,transfer_ridge,21.169110280322435,4.600990141298114,0.9558993553117895,0.01,0.01,0.1,0.01,0.01,0.1,0.1,1.0,off1,163,True,1
B_target_is_X1,1016,transfer_ridge_ada,21.169110280322435,4.600990141298114,0.9558993553117895,0.01,0.01,0.1,0.01,0.01,0.1,0.1,1.0,off1,163,True,1
B_target_is_X1,1016,pooled_ridge,24.576989104289716,4.957518442153263,0.9487998763461593,0.01,0.01,0.1,0.01,0.01,0.1,0.1,1.0,off1,163,True,1
B_target_is_X1,1016,single_lasso,37.73306396347483,6.142724473999695,0.9213924239226281,0.01,0.01,0.1,0.01,0.01,0.1,0.1,1.0,off1,163,True,1
B_target_is_X1,1016,transfer_lasso,30.549512240309934,5.527161318462664,0.9363575905237561,0.01,0.01,0.1,0.01,0.01,0.1,0.1,1.0,off1,163,True,1
B_target_is_X1,1017,single_ridge,43.348049751190956,6.583923583334709,0.9096949793973569,0.01,0.001,0.1,0.01,0.03162277660168379,0.03162277660168379,0.31622776601683794,0.9,off1,163,True,1
B_target_is_X1,1017,transfer_ridge,23.5524821733843,4.853089961394112,0.950934185041337,0.01,0.001,0.1,0.01,0.03162277660168379,0.03162277660168379,0.31622776601683794,0.9,off1,163,True,1
B_target_is_X1,1017,transfer_ridge_ada,24.110263110261204,4.910220271053143,0.9497721853830929,0.01,0.001,0.1,0.01,0.03162277660168379,0.03162277660168379,0.31622776601683794,0.9,off1,163,True,1
B_target_is_X1,1017,pooled_ridge,26.69009497992829,5.166245733598847,0.9443977389782638,0.01,0.001,0.1,0.01,0.03162277660168379,0.03162277660168379,0.31622776601683794,0.9,off1,163,True,1
B_target_is_X1,1017,single_lasso,76.1120431134949,8.72422163367569,0.8414392421129724,0.01,0.001,0.1,0.01,0.03162277660168379,0.03162277660168379,0.31622776601683794,0.9,off1,163,True,1
B_target_is_X1,1017,transfer_lasso,30.081143277295716,5.484627906913624,0.9373333222832565,0.01,0.001,0.1,0.01,0.03162277660168379,0.03162277660168379,0.31622776601683794,0.9,off1,163,True,1
B_target_is_X1,1018,single_ridge,46.1024815185309,6.78988081769709,0.9039567969664074,0.01,0.01,0.1,0.01,0.01,0.1,0.1,1.0,off1,163,True,1
B_target_is_X1,1018,transfer_ridge,23.274134465475385,4.824327358863139,0.9515140541621323,0.01,0.01,0.1,0.01,0.01,0.1,0.1,1.0,off1,163,True,1
B_target_is_X1,1018,transfer_ridge_ada,23.274134465475385,4.824327358863139,0.9515140541621323,0.01,0.01,0.1,0.01,0.01,0.1,0.1,1.0,off1,163,True,1
B_target_is_X1,1018,pooled_ridge,26.564700987195348,5.154095554721056,0.9446589665804788,0.01,0.01,0.1,0.01,0.01,0.1,0.1,1.0,off1,163,True,1
B_target_is_X1,1018,single_lasso,53.95373951930122,7.345320926909948,0.887600628244036,0.01,0.01,0.1,0.01,0.01,0.1,0.1,1.0,off1,163,True,1
B_target_is_X1,1018,transfer_lasso,36.36786086604031,6.030577158617598,0.924236489446873,0.01,0.01,0.1,0.01,0.01,0.1,0.1,1.0,off1,163,True,1
B_target_is_X1,1019,single_ridge,43.404302255639706,6.588194157403052,0.9095777911131698,0.01,0.01,0.1,0.01,0.03162277660168379,0.1,0.1,1.0,off1,163,True,1
B_target_is_X1,1019,transfer_ridge,22.889045338763175,4.7842497153433765,0.952316292826183,0.01,0.01,0.1,0.01,0.03162277660168379,0.1,0.1,1.0,off1,163,True,1
B_target_is_X1,1019,transfer_ridge_ada,22.889045338763175,4.7842497153433765,0.952316292826183,0.01,0.01,0.1,0.01,0.03162277660168379,0.1,0.1,1.0,off1,163,True,1
B_target_is_X1,1019,pooled_ridge,27.877711095361448,5.279934762415294,0.94192363233707,0.01,0.01,0.1,0.01,0.03162277660168379,0.1,0.1,1.0,off1,163,True,1
B_target_is_X1,1019,single_lasso,41.799962854209795,6.465289077389332,0.9129200384237488,0.01,0.01,0.1,0.01,0.03162277660168379,0.1,0.1,1.0,off1,163,True,1
B_target_is_X1,1019,transfer_lasso,27.342383824598954,5.228994532852273,0.9430388552938775,0.01,0.01,0.1,0.01,0.03162277660168379,0.1,0.1,1.0,off1,163,True,1
A_target_is_X,1000,single_ridge,27.119633142881995,5.207651403740653,0.9435029016585275,0.01,0.0031622776601683794,0.1,0.01,0.03162277660168379,0.01,0.31622776601683794,1.0,off2,162,True,2
A_target_is_X,1000,transfer_ridge,22.16320126901183,4.707780928315572,0.9538284107657311,0.01,0.0031622776601683794,0.1,0.01,0.03162277660168379,0.01,0.31622776601683794,1.0,off2,162,True,2
A_target_is_X,1000,transfer_ridge_ada,22.16320126901183,4.707780928315572,0.9538284107657311,0.01,0.0031622776601683794,0.1,0.01,0.03162277660168379,0.01,0.31622776601683794,1.0,off2,162,True,2
A_target_is_X,1000,pooled_ridge,26.689334703139508,5.16617215190701,0.944399322828321,0.01,0.0031622776601683794,0.1,0.01,0.03162277660168379,0.01,0.31622776601683794,1.0,off2,162,True,2
A_target_is_X,1000,single_lasso,61.18674189846136,7.822195465370407,0.87253244334026,0.01,0.0031622776601683794,0.1,0.01,0.03162277660168379,0.01,0.31622776601683794,1.0,off2,162,True,2
A_target_is_X,1000,transfer_lasso,30.364626263526514,5.510410716410031,0.9367427550706826,0.01,0.0031622776601683794,0.1,0.01,0.03162277660168379,0.01,0.31622776601683794,1.0,off2,162,True,2
A_target_is_X,1001,single_ridge,46.31706270391376,6.805664016384718,0.9035097697419264,0.03162277660168379,0.01,0.1,0.01,0.03162277660168379,0.1,0.1,0.9,off2,162,True,2
A_target_is_X,1001,transfer_ridge,24.222692904815062,4.921655504483736,0.9495379655053403,0.03162277660168379,0.01,0.1,0.01,0.03162277660168379,0.1,0.1,0.9,off2,162,True,2
A_target_is_X,1001,transfer_ridge_ada,24.090644938594203,4.908222176979583,0.9498130550279038,0.03162277660168379,0.01,0.1,0.01,0.03162277660168379,0.1,0.1,0.9,off2,162,True,2
A_target_is_X,1001,pooled_ridge,27.21971600284834,5.217251767247613,0.9432944035880696,0.03162277660168379,0.01,0.1,0.01,0.03162277660168379,0.1,0.1,0.9,off2,162,True,2
A_target_is_X,1001,single_lasso,37.30504269265713,6.107785416389244,0.922284101169965,0.03162277660168379,0.01,0.1,0.01,0.03162277660168379,0.1,0.1,0.9,off2,162,True,2
A_target_is_X,1001,transfer_lasso,30.006839634417542,5.4778499098111055,0.9374881156831782,0.03162277660168379,0.01,0.1,0.01,0.03162277660168379,0.1,0.1,0.9,off2,162,True,2
A_target_is_X,1002,single_ridge,267.0494508014942,16.34164773826355,0.4436680243984702,0.01,0.01,0.1,0.01,0.31622776601683794,0.03162277660168379,0.31622776601683794,1.0,off2,162,True,2
A_target_is_X,1002,transfer_ridge,21.30987340016216,4.616261842677705,0.955606109906052,0.01,0.01,0.1,0.01,0.31622776601683794,0.03162277660168379,0.31622776601683794,1.0,off2,162,True,2
A_target_is_X,1002,transfer_ridge_ada,21.30987340016216,4.616261842677705,0.955606109906052,0.01,0.01,0.1,0.01,0.31622776601683794,0.03162277660168379,0.31622776601683794,1.0,off2,162,True,2
A_target_is_X,1002,pooled_ridge,26.41874623946281,5.139916948693122,0.9449630274684931,0.01,0.01,0.1,0.01,0.31622776601683794,0.03162277660168379,0.31622776601683794,1.0,off2,162,True,2
A_target_is_X,1002,single_lasso,483.4894319413232,21.988393118673386,-0.007231544746066687,0.01,0.01,0.1,0.01,0.31622776601683794,0.03162277660168379,0.31622776601683794,1.0,off2,162,True,2
A_target_is_X,1002,transfer_lasso,30.547886638717635,5.527014260766625,0.9363609770656219,0.01,0.01,0.1,0.01,0.31622776601683794,0.03162277660168379,0.31622776601683794,1.0,off2,162,True,2
A_target_is_X,1003,single_ridge,26.616127313725308,5.159082022387831,0.9445518324532581,0.01,0.01,0.1,0.01,0.03162277660168379,0.03162277660168379,0.03162277660168379,1.0,off2,162,True,2
A_target_is_X,1003,transfer_ridge,19.69497004005858,4.437901535642559,0.9589703646312931,0.01,0.01,0.1,0.01,0.03162277660168379,0.03162277660168379,0.03162277660168379,1.0,off2,162,True,2
A_target_is_X,1003,transfer_ridge_ada,19.69497004005858,4.437901535642559,0.9589703646312931,0.01,0.01,0.1,0.01,0.03162277660168379,0.03162277660168379,0.03162277660168379,1.0,off2,162,True,2
A_target_is_X,1003,pooled_ridge,25.141556786622782,5.014135696869679,0.9476237381697635,0.01,0.01,0.1,0.01,0.03162277660168379,0.03162277660168379,0.03162277660168379,1.0,off2,162,True,2
A_target_is_X,1003,single_lasso,28.480394605434576,5.336702596682204,0.940668089190229,0.01,0.01,0.1,0.01,0.03162277660168379,0.03162277660168379,0.03162277660168379,1.0,off2,162,True,2
A_target_is_X,1003,transfer_lasso,23.699111469041505,4.868173319535933,0.9506287188983091,0.01,0.01,0.1,0.01,0.03162277660168379,0.03162277660168379,0.03162277660168379,1.0,off2,162,True,2
A_target_is_X,1004,single_ridge,30.259096507543777,5.500826893071966,0.9369626004118897,0.01,0.01,0.1,0.01,0.03162277660168379,0.03162277660168379,0.31622776601683794,0.9,off2,162,True,2
A_target_is_X,1004,transfer_ridge,20.112716363216972,4.484720321627311,0.9581000927151163,0.01,0.01,0.1,0.01,0.03162277660168379,0.03162277660168379,0.31622776601683794,0.9,off2,162,True,2
A_target_is_X,1004,transfer_ridge_ada,20.348561799646202,4.510938017712746,0.9576087666435161,0.01,0.01,0.1,0.01,0.03162277660168379,0.03162277660168379,0.31622776601683794,0.9,off2,162,True,2
A_target_is_X,1004,pooled_ridge,26.116604914182474,5.110440774941284,0.9455924647502385,0.01,0.01,0.1,0.01,0.03162277660168379,0.03162277660168379,0.31622776601683794,0.9,off2,162,True,2
A_target_is_X,1004,single_lasso,65.3946340655709,8.086694878970697,0.8637663329610016,0.01,0.01,0.1,0.01,0.03162277660168379,0.03162277660168379,0.31622776601683794,0.9,off2,162,True,2
A_target_is_X,1004,transfer_lasso,28.666358819745003,5.354097386090862,0.9402806784001001,0.01,0.01,0.1,0.01,0.03162277660168379,0.03162277660168379,0.31622776601683794,0.9,off2,162,True,2
A_target_is_X,1005,single_ridge,68.6912449688006,8.288018156881693,0.8568986533942438,0.01,0.01,0.1,0.01,0.1,0.1,0.31622776601683794,1.0,off2,162,True,2
A_target_is_X,1005,transfer_ridge,23.691935821454653,4.867436267836966,0.9506436675985825,0.01,0.01,0.1,0.01,0.1,0.1,0.31622776601683794,1.0,off2,162,True,2
A_target_is_X,1005,transfer_ridge_ada,23.691935821454653,4.867436267836966,0.9506436675985825,0.01,0.01,0.1,0.01,0.1,0.1,0.31622776601683794,1.0,off2,162,True,2
A_target_is_X,1005,pooled_ridge,27.665784965892414,5.259827465411049,0.9423651284043161,0.01,0.01,0.1,0.01,0.1,0.1,0.31622776601683794,1.0,off2,162,True,2
A_target_is_X,1005,single_lasso,385.8935289682721,19.644172901098994,0.19608556131296195,0.01,0.01,0.1,0.01,0.1,0.1,0.31622776601683794,1.0,off2,162,True,2
A_target_is_X,1005,transfer_lasso,33.31190099639117,5.771646298621492,0.9306028316600411,0.01,0.01,0.1,0.01,0.1,0.1,0.31622776601683794,1.0,off2,162,True,2
A_target_is_X,1006,single_ridge,32.20759365679243,5.67517344728709,0.9329033849173736,0.01,0.01,0.1,0.01,0.03162277660168379,0.1,0.31622776601683794,0.9,off2,162,True,2
A_target_is_X,1006,transfer_ridge,23.338134514516288,4.830955859301168,0.9513807257706502,0.01,0.01,0.1,0.01,0.03162277660168379,0.1,0.31622776601683794,0.9,off2,162,True,2
A_target_is_X,1006,transfer_ridge_ada,23.315236334438353,4.828585334695696,0.9514284285078107,0.01,0.01,0.1,0.01,0.03162277660168379,0.1,0.31622776601683794,0.9,off2,162,True,2
A_target_is_X,1006,pooled_ridge,25.476387453041355,5.04741393716043,0.9469262006703171,0.01,0.01,0.1,0.01,0.03162277660168379,0.1,0.31622776601683794,0.9,off2,162,True,2
A_target_is_X,1006,single_lasso,44.02503372157527,6.63513630015053,0.9082846494806912,0.01,0.01,0.1,0.01,0.03162277660168379,0.1,0.31622776601683794,0.9,off2,162,True,2
A_target_is_X,1006,transfer_lasso,34.31206501857732,5.857650127702859,0.9285192354394969,0.01,0.01,0.1,0.01,0.03162277660168379,0.1,0.31622776601683794,0.9,off2,162,True,2
A_target_is_X,1007,single_ridge,47.217901583636625,6.871528329537514,0.9016330930734264,0.01,0.01,0.1,0.0031622776601683794,0.1,0.1,1.0,1.0,off2,162,True,2
A_target_is_X,1007,transfer_ridge,21.162885450356573,4.600313625216934,0.9559123232169557,0.01,0.01,0.1,0.0031622776601683794,0.1,0.1,1.0,1.0,off2,162,True,2
A_target_is_X,1007,transfer_ridge_ada,21.162885450356573,4.600313625216934,0.9559123232169557,0.01,0.01,0.1,0.0031622776601683794,0.1,0.1,1.0,1.0,off2,162,True,2
A_target_is_X,1007,pooled_ridge,26.560010567995914,5.153640515984396,0.9446687379174794,0.01,0.01,0.1,0.0031622776601683794,0.1,0.1,1.0,1.0,off2,162,True,2
A_target_is_X,1007,single_lasso,97.75032897030931,9.886876603372235,0.7963611852840876,0.01,0.01,0.1,0.0031622776601683794,0.1,0.1,1.0,1.0,off2,162,True,2
A_target_is_X,1007,transfer_lasso,31.641939511244573,5.6251168442304,0.934081786473173,0.01,0.01,0.1,0.0031622776601683794,0.1,0.1,1.0,1.0,off2,162,True,2
A_target_is_X,1008,single_ridge,37.90009496833344,6.156305301748236,0.9210444558266788,0.01,0.01,0.1,0.01,0.1,0.1,0.1,1.0,off2,162,True,2
A_target_is_X,1008,transfer_ridge,23.796635931742003,4.878179571494063,0.9504255506205208,0.01,0.01,0.1,0.01,0.1,0.1,0.1,1.0,off2,162,True,2
A_target_is_X,1008,transfer_ridge_ada,23.796635931742003,4.878179571494063,0.9504255506205208,0.01,0.01,0.1,0.01,0.1,0.1,0.1,1.0,off2,162,True,2
A_target_is_X,1008,pooled_ridge,25.381355489381566,5.0379912156911875,0.9471241764382113,0.01,0.01,0.1,0.01,0.1,0.1,0.1,1.0,off2,162,True,2
A_target_is_X,1008,single_lasso,48.9202608343791,6.9943020262481586,0.8980866454686602,0.01,0.01,0.1,0.01,0.1,0.1,0.1,1.0,off2,162,True,2
A_target_is_X,1008,transfer_lasso,31.7176510893947,5.631842601617582,0.9339240599857311,0.01,0.01,0.1,0.01,0.1,0.1,0.1,1.0,off2,162,True,2
A_target_is_X,1009,single_ridge,35.02885575756711,5.918518037276486,0.9270259778921841,0.01,0.01,0.1,0.01,0.0031622776601683794,0.03162277660168379,0.03162277660168379,0.9,off2,162,True,2
A_target_is_X,1009,transfer_ridge,21.27666197405299,4.612663219231704,0.955675297759629,0.01,0.01,0.1,0.01,0.0031622776601683794,0.03162277660168379,0.03162277660168379,0.9,off2,162,True,2
A_target_is_X,1009,transfer_ridge_ada,21.517868169121677,4.638735621817833,0.9551728038633593,0.01,0.01,0.1,0.01,0.0031622776601683794,0.03162277660168379,0.03162277660168379,0.9,off2,162,True,2
A_target_is_X,1009,pooled_ridge,27.243572482828366,5.219537573658069,0.943244704468306,0.01,0.01,0.1,0.01,0.0031622776601683794,0.03162277660168379,0.03162277660168379,0.9,off2,162,True,2
A_target_is_X,1009,single_lasso,62.46544779073612,7.903508574724021,0.8698685735096819,0.01,0.01,0.1,0.01,0.0031622776601683794,0.03162277660168379,0.03162277660168379,0.9,off2,162,True,2
A_target_is_X,1009,transfer_lasso,28.03086483951447,5.294418272059214,0.9416045741072189,0.01,0.01,0.1,0.01,0.0031622776601683794,0.03162277660168379,0.03162277660168379,0.9,off2,162,True,2
A_target_is_X,1010,single_ridge,34.940942657044424,5.911086419351728,0.9272091232562665,0.01,0.01,0.1,0.01,0.03162277660168379,0.1,0.31622776601683794,1.0,off2,162,True,2
A_target_is_X,1010,transfer_ridge,23.88170466152418,4.886891103915063,0.9502483308046419,0.01,0.01,0.1,0.01,0.03162277660168379,0.1,0.31622776601683794,1.0,off2,162,True,2
A_target_is_X,1010,transfer_ridge_ada,23.88170466152418,4.886891103915063,0.9502483308046419,0.01,0.01,0.1,0.01,0.03162277660168379,0.1,0.31622776601683794,1.0,off2,162,True,2
A_target_is_X,1010,pooled_ridge,26.194712615000743,5.1180770426988245,0.9454297465294164,0.01,0.01,0.1,0.01,0.03162277660168379,0.1,0.31622776601683794,1.0,off2,162,True,2
A_target_is_X,1010,single_lasso,67.02798586870878,8.187062102409435,0.8603636454334115,0.01,0.01,0.1,0.01,0.03162277660168379,0.1,0.31622776601683794,1.0,off2,162,True,2
A_target_is_X,1010,transfer_lasso,32.949663437502544,5.740179739128605,0.9313574646921209,0.01,0.01,0.1,0.01,0.03162277660168379,0.1,0.31622776601683794,1.0,off2,162,True,2
A_target_is_X,1011,single_ridge,37.09120442305244,6.090254873406567,0.9227295807117926,0.01,0.0031622776601683794,0.1,0.01,0.03162277660168379,0.03162277660168379,0.1,1.0,off2,162,True,2
A_target_is_X,1011,transfer_ridge,21.910068773375635,4.680819241690031,0.9543557501815718,0.01,0.0031622776601683794,0.1,0.01,0.03162277660168379,0.03162277660168379,0.1,1.0,off2,162,True,2
A_target_is_X,1011,transfer_ridge_ada,21.910068773375635,4.680819241690031,0.9543557501815718,0.01,0.0031622776601683794,0.1,0.01,0.03162277660168379,0.03162277660168379,0.1,1.0,off2,162,True,2
A_target_is_X,1011,pooled_ridge,26.17386252698741,5.116039730786637,0.9454731825695247,0.01,0.0031622776601683794,0.1,0.01,0.03162277660168379,0.03162277660168379,0.1,1.0,off2,162,True,2
A_target_is_X,1011,single_lasso,54.62627175174168,7.390958784335202,0.8861995724305662,0.01,0.0031622776601683794,0.1,0.01,0.03162277660168379,0.03162277660168379,0.1,1.0,off2,162,True,2
A_target_is_X,1011,transfer_lasso,28.12335378936658,5.303145650400956,0.9414118960843355,0.01,0.0031622776601683794,0.1,0.01,0.03162277660168379,0.03162277660168379,0.1,1.0,off2,162,True,2
A_target_is_X,1012,single_ridge,25.42683088598579,5.042502442833894,0.9470294396126602,0.01,0.0031622776601683794,0.1,0.01,0.03162277660168379,0.03162277660168379,1.0,0.8,off2,162,True,2
A_target_is_X,1012,transfer_ridge,24.830616406473645,4.983032852237043,0.9482715061223412,0.01,0.0031622776601683794,0.1,0.01,0.03162277660168379,0.03162277660168379,1.0,0.8,off2,162,True,2
A_target_is_X,1012,transfer_ridge_ada,23.99491676470466,4.898460652562666,0.9500124811789064,0.01,0.0031622776601683794,0.1,0.01,0.03162277660168379,0.03162277660168379,1.0,0.8,off2,162,True,2
A_target_is_X,1012,pooled_ridge,25.114552748674257,5.011442182513359,0.9476799944538938,0.01,0.0031622776601683794,0.1,0.01,0.03162277660168379,0.03162277660168379,1.0,0.8,off2,162,True,2
A_target_is_X,1012,single_lasso,46.51715205988213,6.8203483825888345,0.9030929326865846,0.01,0.0031622776601683794,0.1,0.01,0.03162277660168379,0.03162277660168379,1.0,0.8,off2,162,True,2
A_target_is_X,1012,transfer_lasso,37.03389892543848,6.085548366863785,0.9228489626487512,0.01,0.0031622776601683794,0.1,0.01,0.03162277660168379,0.03162277660168379,1.0,0.8,off2,162,True,2
A_target_is_X,1013,single_ridge,24.86699581070628,4.986681843742017,0.9481957185640174,0.01,0.01,0.1,0.01,0.03162277660168379,0.03162277660168379,1.0,1.0,off2,162,True,2
A_target_is_X,1013,transfer_ridge,20.751336554405277,4.555363493115042,0.9567696843148874,0.01,0.01,0.1,0.01,0.03162277660168379,0.03162277660168379,1.0,1.0,off2,162,True,2
A_target_is_X,1013,transfer_ridge_ada,20.751336554405277,4.555363493115042,0.9567696843148874,0.01,0.01,0.1,0.01,0.03162277660168379,0.03162277660168379,1.0,1.0,off2,162,True,2
A_target_is_X,1013,pooled_ridge,25.772097629192896,5.076622659721017,0.946310161109067,0.01,0.01,0.1,0.01,0.03162277660168379,0.03162277660168379,1.0,1.0,off2,162,True,2
A_target_is_X,1013,single_lasso,54.57288019746465,7.3873459508449075,0.8863108006273749,0.01,0.01,0.1,0.01,0.03162277660168379,0.03162277660168379,1.0,1.0,off2,162,True,2
A_target_is_X,1013,transfer_lasso,30.243251068733098,5.499386426569158,0.9369956104939228,0.01,0.01,0.1,0.01,0.03162277660168379,0.03162277660168379,1.0,1.0,off2,162,True,2
A_target_is_X,1014,single_ridge,32.2093965772528,5.675332287827101,0.9328996289751743,0.03162277660168379,0.0031622776601683794,0.31622776601683794,0.01,0.1,0.03162277660168379,0.31622776601683794,0.9,off2,162,True,2
A_target_is_X,1014,transfer_ridge,22.80710760319174,4.775678758374744,0.9524869899842185,0.03162277660168379,0.0031622776601683794,0.31622776601683794,0.01,0.1,0.03162277660168379,0.31622776601683794,0.9,off2,162,True,2
A_target_is_X,1014,transfer_ridge_ada,22.181925088553747,4.709769112021708,0.9537894042840278,0.03162277660168379,0.0031622776601683794,0.31622776601683794,0.01,0.1,0.03162277660168379,0.31622776601683794,0.9,off2,162,True,2
A_target_is_X,1014,pooled_ridge,24.482561593042643,4.947985609623642,0.9489965928858322,0.03162277660168379,0.0031622776601683794,0.31622776601683794,0.01,0.1,0.03162277660168379,0.31622776601683794,0.9,off2,162,True,2
A_target_is_X,1014,single_lasso,47.32173137751003,6.8790792536145435,0.9014167891859685,0.03162277660168379,0.0031622776601683794,0.31622776601683794,0.01,0.1,0.03162277660168379,0.31622776601683794,0.9,off2,162,True,2
A_target_is_X,1014,transfer_lasso,31.042989995498335,5.571623640869718,0.9353295507594526,0.03162277660168379,0.0031622776601683794,0.31622776601683794,0.01,0.1,0.03162277660168379,0.31622776601683794,0.9,off2,162,True,2
A_target_is_X,1015,single_ridge,29.089682951180798,5.393485232313221,0.9393987864896144,0.03162277660168379,0.01,0.1,0.01,0.1,0.03162277660168379,0.1,0.9,off2,162,True,2
A_target_is_X,1015,transfer_ridge,20.849686215369047,4.566145662960069,0.9565647969390868,0.03162277660168379,0.01,0.1,0.01,0.1,0.03162277660168379,0.1,0.9,off2,162,True,2
A_target_is_X,1015,transfer_ridge_ada,20.834503581510415,4.564482838341099,0.9565964262297072,0.03162277660168379,0.01,0.1,0.01,0.1,0.03162277660168379,0.1,0.9,off2,162,True,2
A_target_is_X,1015,pooled_ridge,24.820616641086637,4.982029369753518,0.9482923381787884,0.03162277660168379,0.01,0.1,0.01,0.1,0.03162277660168379,0.1,0.9,off2,162,True,2
A_target_is_X,1015,single_lasso,51.542568365324314,7.179315313128705,0.8926237114504586,0.03162277660168379,0.01,0.1,0.01,0.1,0.03162277660168379,0.1,0.9,off2,162,True,2
A_target_is_X,1015,transfer_lasso,28.52837443375903,5.3411959741015895,0.9405681349959754,0.03162277660168379,0.01,0.1,0.01,0.1,0.03162277660168379,0.1,0.9,off2,162,True,2
A_target_is_X,1016,single_ridge,37.594894075141966,6.131467530301531,0.921680266967106,0.03162277660168379,0.01,0.31622776601683794,0.01,0.01,0.1,0.1,0.9,off2,162,True,2
A_target_is_X,1016,transfer_ridge,22.271013779039535,4.719217496475399,0.9536038098668405,0.03162277660168379,0.01,0.31622776601683794,0.01,0.01,0.1,0.1,0.9,off2,162,True,2
A_target_is_X,1016,transfer_ridge_ada,21.959941427708422,4.686143556028605,0.9542518527489795,0.03162277660168379,0.01,0.31622776601683794,0.01,0.01,0.1,0.1,0.9,off2,162,True,2
A_target_is_X,1016,pooled_ridge,24.008814786865695,4.899879058391717,0.9499835280614122,0.03162277660168379,0.01,0.31622776601683794,0.01,0.01,0.1,0.1,0.9,off2,162,True,2
A_target_is_X,1016,single_lasso,40.20753616305208,6.3409412679074775,0.9162374685268008,0.03162277660168379,0.01,0.31622776601683794,0.01,0.01,0.1,0.1,0.9,off2,162,True,2
A_target_is_X,1016,transfer_lasso,27.753867641104712,5.268193963884086,0.942181629772995,0.03162277660168379,0.01,0.31622776601683794,0.01,0.01,0.1,0.1,0.9,off2,162,True,2
A_target_is_X,1017,single_ridge,28.322501328823254,5.321888887305263,0.9409970210724993,0.01,0.0031622776601683794,0.1,0.01,0.1,0.01,0.1,0.9,off2,162,True,2
A_target_is_X,1017,transfer_ridge,24.409076525250697,4.940554273080167,0.9491496809855051,0.01,0.0031622776601683794,0.1,0.01,0.1,0.01,0.1,0.9,off2,162,True,2
A_target_is_X,1017,transfer_ridge_ada,24.243268583450355,4.9237453816632675,0.9494951011298093,0.01,0.0031622776601683794,0.1,0.01,0.1,0.01,0.1,0.9,off2,162,True,2
A_target_is_X,1017,pooled_ridge,25.875362126230012,5.086783082285897,0.9460950348787985,0.01,0.0031622776601683794,0.1,0.01,0.1,0.01,0.1,0.9,off2,162,True,2
A_target_is_X,1017,single_lasso,43.88296671177337,6.624421990768203,0.9085806112210868,0.01,0.0031622776601683794,0.1,0.01,0.1,0.01,0.1,0.9,off2,162,True,2
A_target_is_X,1017,transfer_lasso,32.79329549648536,5.7265430668497865,0.9316832189121192,0.01,0.0031622776601683794,0.1,0.01,0.1,0.01,0.1,0.9,off2,162,True,2
A_target_is_X,1018,single_ridge,32.91644024030903,5.737285093169855,0.9314266770678625,0.01,0.0031622776601683794,0.1,0.0031622776601683794,0.03162277660168379,0.1,0.1,1.0,off2,162,True,2
A_target_is_X,1018,transfer_ridge,21.59882385402947,4.647453480566478,0.9550041525668083,0.01,0.0031622776601683794,0.1,0.0031622776601683794,0.03162277660168379,0.1,0.1,1.0,off2,162,True,2
A_target_is_X,1018,transfer_ridge_ada,21.59882385402947,4.647453480566478,0.9550041525668083,0.01,0.0031622776601683794,0.1,0.0031622776601683794,0.03162277660168379,0.1,0.1,1.0,off2,162,True,2
A_target_is_X,1018,pooled_ridge,26.133922566650217,5.112134834552998,0.9455563876724491,0.01,0.0031622776601683794,0.1,0.0031622776601683794,0.03162277660168379,0.1,0.1,1.0,off2,162,True,2
A_target_is_X,1018,single_lasso,39.24874257082164,6.264881688493538,0.9182348796121212,0.01,0.0031622776601683794,0.1,0.0031622776601683794,0.03162277660168379,0.1,0.1,1.0,off2,162,True,2
A_target_is_X,1018,transfer_lasso,31.65734680941521,5.6264861867257085,0.934049689149609,0.01,0.0031622776601683794,0.1,0.0031622776601683794,0.03162277660168379,0.1,0.1,1.0,off2,162,True,2
A_target_is_X,1019,single_ridge,46.13526837613345,6.792294779832031,0.9038884935970911,0.01,0.01,0.1,0.01,0.1,0.1,0.03162277660168379,1.0,off2,162,True,2
A_target_is_X,1019,transfer_ridge,22.591001950092704,4.752999258372833,0.9529371930629608,0.01,0.01,0.1,0.01,0.1,0.1,0.03162277660168379,1.0,off2,162,True,2
A_target_is_X,1019,transfer_ridge_ada,22.591001950092704,4.752999258372833,0.9529371930629608,0.01,0.01,0.1,0.01,0.1,0.1,0.03162277660168379,1.0,off2,162,True,2
A_target_is_X,1019,pooled_ridge,25.325710577596134,5.032465655878451,0.9472400989522357,0.01,0.01,0.1,0.01,0.1,0.1,0.03162277660168379,1.0,off2,162,True,2
A_target_is_X,1019,single_lasso,48.01325141991241,6.9291595031368995,0.8999761769315596,0.01,0.01,0.1,0.01,0.1,0.1,0.03162277660168379,1.0,off2,162,True,2
A_target_is_X,1019,transfer_lasso,29.142538464849743,5.398382949073707,0.9392886750018259,0.01,0.01,0.1,0.01,0.1,0.1,0.03162277660168379,1.0,off2,162,True,2
B_target_is_X1,1000,single_ridge,24.44512144688439,4.944200789499187,0.9490745902395676,0.01,0.0031622776601683794,0.03162277660168379,0.01,0.1,0.03162277660168379,1.0,1.0,off2,162,True,2
B_target_is_X1,1000,transfer_ridge,22.145848752646465,4.705937606114903,0.9538645604738928,0.01,0.0031622776601683794,0.03162277660168379,0.01,0.1,0.03162277660168379,1.0,1.0,off2,162,True,2
B_target_is_X1,1000,transfer_ridge_ada,22.145848752646465,4.705937606114903,0.9538645604738928,0.01,0.0031622776601683794,0.03162277660168379,0.01,0.1,0.03162277660168379,1.0,1.0,off2,162,True,2
B_target_is_X1,1000,pooled_ridge,32.65771708320394,5.714693087402327,0.9319656632544813,0.01,0.0031622776601683794,0.03162277660168379,0.01,0.1,0.03162277660168379,1.0,1.0,off2,162,True,2
B_target_is_X1,1000,single_lasso,48.547218187498196,6.967583382170478,0.8988637882491453,0.01,0.0031622776601683794,0.03162277660168379,0.01,0.1,0.03162277660168379,1.0,1.0,off2,162,True,2
B_target_is_X1,1000,transfer_lasso,44.898353637898744,6.700623376813439,0.9064653018170948,0.01,0.0031622776601683794,0.03162277660168379,0.01,0.1,0.03162277660168379,1.0,1.0,off2,162,True,2
B_target_is_X1,1001,single_ridge,55.83955459087603,7.472586874093604,0.8836719954711934,0.03162277660168379,0.01,0.31622776601683794,0.01,0.03162277660168379,0.03162277660168379,1.0,1.0,off2,162,True,2
B_target_is_X1,1001,transfer_ridge,23.63345041754454,4.861424731243357,0.9507655075806665,0.03162277660168379,0.01,0.31622776601683794,0.01,0.03162277660168379,0.03162277660168379,1.0,1.0,off2,162,True,2
B_target_is_X1,1001,transfer_ridge_ada,23.63345041754454,4.861424731243357,0.9507655075806665,0.03162277660168379,0.01,0.31622776601683794,0.01,0.03162277660168379,0.03162277660168379,1.0,1.0,off2,162,True,2
B_target_is_X1,1001,pooled_ridge,29.129675835130918,5.397191476604376,0.9393154711333342,0.03162277660168379,0.01,0.31622776601683794,0.01,0.03162277660168379,0.03162277660168379,1.0,1.0,off2,162,True,2
B_target_is_X1,1001,single_lasso,38.634366440769995,6.215654948657462,0.9195147814623899,0.03162277660168379,0.01,0.31622776601683794,0.01,0.03162277660168379,0.03162277660168379,1.0,1.0,off2,162,True,2
B_target_is_X1,1001,transfer_lasso,37.60292849292192,6.132122674321015,0.9216635292299457,0.03162277660168379,0.01,0.31622776601683794,0.01,0.03162277660168379,0.03162277660168379,1.0,1.0,off2,162,True,2
B_target_is_X1,1002,single_ridge,224.15350675726583,14.971756969616687,0.5330311937433019,0.03162277660168379,0.01,0.1,0.01,0.1,0.03162277660168379,0.31622776601683794,1.0,off2,162,True,2
B_target_is_X1,1002,transfer_ridge,21.244088089584857,4.6091309473245445,0.9557431574517001,0.03162277660168379,0.01,0.1,0.01,0.1,0.03162277660168379,0.31622776601683794,1.0,off2,162,True,2
B_target_is_X1,1002,transfer_ridge_ada,21.244088089584857,4.6091309473245445,0.9557431574517001,0.03162277660168379,0.01,0.1,0.01,0.1,0.03162277660168379,0.31622776601683794,1.0,off2,162,True,2
B_target_is_X1,1002,pooled_ridge,29.266079564669006,5.409813265230974,0.9390313074471496,0.03162277660168379,0.01,0.1,0.01,0.1,0.03162277660168379,0.31622776601683794,1.0,off2,162,True,2
B_target_is_X1,1002,single_lasso,244.88450020154536,15.648785901837412,0.4898432579343216,0.03162277660168379,0.01,0.1,0.01,0.1,0.03162277660168379,0.31622776601683794,1.0,off2,162,True,2
B_target_is_X1,1002,transfer_lasso,29.042752752321956,5.389132838622737,0.939496554038539,0.03162277660168379,0.01,0.1,0.01,0.1,0.03162277660168379,0.31622776601683794,1.0,off2,162,True,2
B_target_is_X1,1003,single_ridge,29.563025571723543,5.437189124145264,0.938412693335584,0.01,0.01,0.1,0.01,0.03162277660168379,0.03162277660168379,0.1,0.9,off2,162,True,2
B_target_is_X1,1003,transfer_ridge,18.77046610711616,4.332489596884932,0.9608963416288926,0.01,0.01,0.1,0.01,0.03162277660168379,0.03162277660168379,0.1,0.9,off2,162,True,2
B_target_is_X1,1003,transfer_ridge_ada,19.08514865298706,4.3686552453801,0.9602407777926584,0.01,0.01,0.1,0.01,0.03162277660168379,0.03162277660168379,0.1,0.9,off2,162,True,2
B_target_is_X1,1003,pooled_ridge,31.29590776055952,5.5942745517680414,0.9348026586820529,0.01,0.01,0.1,0.01,0.03162277660168379,0.03162277660168379,0.1,0.9,off2,162,True,2
B_target_is_X1,1003,single_lasso,27.118712008416743,5.207562962501437,0.9435048206160662,0.01,0.01,0.1,0.01,0.03162277660168379,0.03162277660168379,0.1,0.9,off2,162,True,2
B_target_is_X1,1003,transfer_lasso,24.89422391261453,4.989411178948327,0.9481389954976301,0.01,0.01,0.1,0.01,0.03162277660168379,0.03162277660168379,0.1,0.9,off2,162,True,2
B_target_is_X1,1004,single_ridge,47.97495677092489,6.926395655095433,0.900055954432177,0.01,0.01,0.1,0.01,0.03162277660168379,0.03162277660168379,0.1,0.9,off2,162,True,2
B_target_is_X1,1004,transfer_ridge,22.41757292645963,4.734719941713515,0.9532984898604447,0.01,0.01,0.1,0.01,0.03162277660168379,0.03162277660168379,0.1,0.9,off2,162,True,2
B_target_is_X1,1004,transfer_ridge_ada,23.250210607971667,4.821847219476336,0.9515638936464267,0.01,0.01,0.1,0.01,0.03162277660168379,0.03162277660168379,0.1,0.9,off2,162,True,2
B_target_is_X1,1004,pooled_ridge,31.101937065055058,5.576911068419063,0.9352067490103233,0.01,0.01,0.1,0.01,0.03162277660168379,0.03162277660168379,0.1,0.9,off2,162,True,2
B_target_is_X1,1004,single_lasso,77.14699051338326,8.783335955853177,0.8392831832635889,0.01,0.01,0.1,0.01,0.03162277660168379,0.03162277660168379,0.1,0.9,off2,162,True,2
B_target_is_X1,1004,transfer_lasso,29.405866863786663,5.42271766403034,0.9387400949243425,0.01,0.01,0.1,0.01,0.03162277660168379,0.03162277660168379,0.1,0.9,off2,162,True,2
B_target_is_X1,1005,single_ridge,55.88848211387017,7.475859958149976,0.8835700669877349,0.01,0.01,0.31622776601683794,0.01,0.1,0.03162277660168379,0.31622776601683794,1.0,off2,162,True,2
B_target_is_X1,1005,transfer_ridge,22.356033827339225,4.728216770341565,0.9534266914668799,0.01,0.01,0.31622776601683794,0.01,0.1,0.03162277660168379,0.31622776601683794,1.0,off2,162,True,2
B_target_is_X1,1005,transfer_ridge_ada,22.356033827339225,4.728216770341565,0.9534266914668799,0.01,0.01,0.31622776601683794,0.01,0.1,0.03162277660168379,0.31622776601683794,1.0,off2,162,True,2
B_target_is_X1,1005,pooled_ridge,29.386107285914623,5.420895432114017,0.9387812591542692,0.01,0.01,0.31622776601683794,0.01,0.1,0.03162277660168379,0.31622776601683794,1.0,off2,162,True,2
B_target_is_X1,1005,single_lasso,176.2072886639404,13.274309347907348,0.6329153693311003,0.01,0.01,0.31622776601683794,0.01,0.1,0.03162277660168379,0.31622776601683794,1.0,off2,162,True,2
B_target_is_X1,1005,transfer_lasso,28.83699830202015,5.370009152880482,0.9399251929272604,0.01,0.01,0.31622776601683794,0.01,0.1,0.03162277660168379,0.31622776601683794,1.0,off2,162,True,2
B_target_is_X1,1006,single_ridge,31.696005884904896,5.6299205931260605,0.9339691524558335,0.01,0.01,0.1,0.01,0.03162277660168379,0.03162277660168379,0.31622776601683794,1.0,off2,162,True,2
B_target_is_X1,1006,transfer_ridge,22.14033701601944,4.705351954532141,0.9538760428241373,0.01,0.01,0.1,0.01,0.03162277660168379,0.03162277660168379,0.31622776601683794,1.0,off2,162,True,2
B_target_is_X1,1006,transfer_ridge_ada,22.14033701601944,4.705351954532141,0.9538760428241373,0.01,0.01,0.1,0.01,0.03162277660168379,0.03162277660168379,0.31622776601683794,1.0,off2,162,True,2
B_target_is_X1,1006,pooled_ridge,30.764007498958357,5.546531123049645,0.935910742306533,0.01,0.01,0.1,0.01,0.03162277660168379,0.03162277660168379,0.31622776601683794,1.0,off2,162,True,2
B_target_is_X1,1006,single_lasso,37.44792091604072,6.119470640181283,0.9219864494652081,0.01,0.01,0.1,0.01,0.03162277660168379,0.03162277660168379,0.31622776601683794,1.0,off2,162,True,2
B_target_is_X1,1006,transfer_lasso,34.65404491020289,5.88676863059887,0.9278068042843193,0.01,0.01,0.1,0.01,0.03162277660168379,0.03162277660168379,0.31622776601683794,1.0,off2,162,True,2
B_target_is_X1,1007,single_ridge,54.14437827826372,7.3582863683240625,0.8872034791876289,0.01,0.01,0.1,0.01,0.1,0.1,0.31622776601683794,0.9,off2,162,True,2
B_target_is_X1,1007,transfer_ridge,20.892829290030793,4.57086745487449,0.9564749189337659,0.01,0.01,0.1,0.01,0.1,0.1,0.31622776601683794,0.9,off2,162,True,2
B_target_is_X1,1007,transfer_ridge_ada,21.131532634701614,4.596904679749366,0.955977639111902,0.01,0.01,0.1,0.01,0.1,0.1,0.31622776601683794,0.9,off2,162,True,2
B_target_is_X1,1007,pooled_ridge,29.43616419481532,5.425510500848314,0.9386769778725155,0.01,0.01,0.1,0.01,0.1,0.1,0.31622776601683794,0.9,off2,162,True,2
B_target_is_X1,1007,single_lasso,128.60292638418392,11.340323028211495,0.7320873722498933,0.01,0.01,0.1,0.01,0.1,0.1,0.31622776601683794,0.9,off2,162,True,2
B_target_is_X1,1007,transfer_lasso,30.51736205767359,5.52425217180331,0.9364245675370708,0.01,0.01,0.1,0.01,0.1,0.1,0.31622776601683794,0.9,off2,162,True,2
B_target_is_X1,1008,single_ridge,42.16697588501599,6.4936103890683174,0.9121554568682088,0.03162277660168379,0.01,0.1,0.01,0.1,0.03162277660168379,0.1,0.9,off2,162,True,2
B_target_is_X1,1008,transfer_ridge,19.48486995297092,4.414166960250928,0.9594080565874935,0.03162277660168379,0.01,0.1,0.01,0.1,0.03162277660168379,0.1,0.9,off2,162,True,2
B_target_is_X1,1008,transfer_ridge_ada,20.11539188503143,4.485018604758673,0.9580945189222014,0.03162277660168379,0.01,0.1,0.01,0.1,0.03162277660168379,0.1,0.9,off2,162,True,2
B_target_is_X1,1008,pooled_ridge,27.865628294346184,5.278790419627036,0.9419488038869064,0.03162277660168379,0.01,0.1,0.01,0.1,0.03162277660168379,0.1,0.9,off2,162,True,2
B_target_is_X1,1008,single_lasso,42.72943305659174,6.536775432626682,0.910983715422889,0.03162277660168379,0.01,0.1,0.01,0.1,0.03162277660168379,0.1,0.9,off2,162,True,2
B_target_is_X1,1008,transfer_lasso,22.044169980832034,4.695121934607453,0.9540763832349226,0.03162277660168379,0.01,0.1,0.01,0.1,0.03162277660168379,0.1,0.9,off2,162,True,2
B_target_is_X1,1009,single_ridge,38.98297838629172,6.243635029875763,0.9187885340509524,0.01,0.01,0.1,0.01,0.03162277660168379,0.03162277660168379,0.1,1.0,off2,162,True,2
B_target_is_X1,1009,transfer_ridge,22.037886649501125,4.694452752930966,0.954089473013322,0.01,0.01,0.1,0.01,0.03162277660168379,0.03162277660168379,0.1,1.0,off2,162,True,2
B_target_is_X1,1009,transfer_ridge_ada,22.037886649501125,4.694452752930966,0.954089473013322,0.01,0.01,0.1,0.01,0.03162277660168379,0.03162277660168379,0.1,1.0,off2,162,True,2
B_target_is_X1,1009,pooled_ridge,27.26013939870962,5.221124342391169,0.9432101913659042,0.01,0.01,0.1,0.01,0.03162277660168379,0.03162277660168379,0.1,1.0,off2,162,True,2
B_target_is_X1,1009,single_lasso,42.001730373588074,6.48087419825351,0.9124997053268971,0.01,0.01,0.1,0.01,0.03162277660168379,0.03162277660168379,0.1,1.0,off2,162,True,2
B_target_is_X1,1009,transfer_lasso,29.715127137243172,5.4511583298637705,0.9380958270616274,0.01,0.01,0.1,0.01,0.03162277660168379,0.03162277660168379,0.1,1.0,off2,162,True,2
B_target_is_X1,1010,single_ridge,33.82572315832586,5.815988579624779,0.9295324093184147,0.01,0.01,0.1,0.0031622776601683794,0.03162277660168379,0.1,0.31622776601683794,0.9,off2,162,True,2
B_target_is_X1,1010,transfer_ridge,20.774989094737624,4.557958873743556,0.9567204100533168,0.01,0.01,0.1,0.0031622776601683794,0.03162277660168379,0.1,0.31622776601683794,0.9,off2,162,True,2
B_target_is_X1,1010,transfer_ridge_ada,21.134342147341357,4.597210257029948,0.9559717861819946,0.01,0.01,0.1,0.0031622776601683794,0.03162277660168379,0.1,0.31622776601683794,0.9,off2,162,True,2
B_target_is_X1,1010,pooled_ridge,31.419146805020464,5.605278477026852,0.9345459203855673,0.01,0.01,0.1,0.0031622776601683794,0.03162277660168379,0.1,0.31622776601683794,0.9,off2,162,True,2
B_target_is_X1,1010,single_lasso,73.16218564228193,8.553489676283121,0.8475845460249535,0.01,0.01,0.1,0.0031622776601683794,0.03162277660168379,0.1,0.31622776601683794,0.9,off2,162,True,2
B_target_is_X1,1010,transfer_lasso,31.009193755813723,5.568589925269567,0.9353999569285542,0.01,0.01,0.1,0.0031622776601683794,0.03162277660168379,0.1,0.31622776601683794,0.9,off2,162,True,2
B_target_is_X1,1011,single_ridge,42.09466559896473,6.488040197082993,0.9123060975985098,0.03162277660168379,0.01,0.1,0.01,0.03162277660168379,0.03162277660168379,0.1,0.9,off2,162,True,2
B_target_is_X1,1011,transfer_ridge,19.786032949962806,4.448149384852402,0.9587806574125777,0.03162277660168379,0.01,0.1,0.01,0.03162277660168379,0.03162277660168379,0.1,0.9,off2,162,True,2
B_target_is_X1,1011,transfer_ridge_ada,19.80322655714537,4.450081634885518,0.9587448387526895,0.03162277660168379,0.01,0.1,0.01,0.03162277660168379,0.03162277660168379,0.1,0.9,off2,162,True,2
B_target_is_X1,1011,pooled_ridge,29.69509415827801,5.4493205226227985,0.9381375608556173,0.03162277660168379,0.01,0.1,0.01,0.03162277660168379,0.03162277660168379,0.1,0.9,off2,162,True,2
B_target_is_X1,1011,single_lasso,86.33350678641975,9.291582577065101,0.8201453317093725,0.03162277660168379,0.01,0.1,0.01,0.03162277660168379,0.03162277660168379,0.1,0.9,off2,162,True,2
B_target_is_X1,1011,transfer_lasso,31.96731168720341,5.653964245306422,0.9334039534167347,0.03162277660168379,0.01,0.1,0.01,0.03162277660168379,0.03162277660168379,0.1,0.9,off2,162,True,2
B_target_is_X1,1012,single_ridge,27.06945545116141,5.202831484024964,0.9436074345616368,0.01,0.01,0.1,0.01,0.1,0.03162277660168379,0.31622776601683794,0.7000000000000001,off2,162,True,2
B_target_is_X1,1012,transfer_ridge,22.58469629259575,4.752335877502321,0.9529503293524465,0.01,0.01,0.1,0.01,0.1,0.03162277660168379,0.31622776601683794,0.7000000000000001,off2,162,True,2
B_target_is_X1,1012,transfer_ridge_ada,21.877341188380317,4.677322010336718,0.954423930070961,0.01,0.01,0.1,0.01,0.1,0.03162277660168379,0.31622776601683794,0.7000000000000001,off2,162,True,2
B_target_is_X1,1012,pooled_ridge,32.00608700106917,5.657392243876075,0.9333231745688367,0.01,0.01,0.1,0.01,0.1,0.03162277660168379,0.31622776601683794,0.7000000000000001,off2,162,True,2
B_target_is_X1,1012,single_lasso,52.82095519614243,7.267802638772081,0.8899605063061025,0.01,0.01,0.1,0.01,0.1,0.03162277660168379,0.31622776601683794,0.7000000000000001,off2,162,True,2
B_target_is_X1,1012,transfer_lasso,31.19935904402723,5.585638642449691,0.9350037942322253,0.01,0.01,0.1,0.01,0.1,0.03162277660168379,0.31622776601683794,0.7000000000000001,off2,162,True,2
B_target_is_X1,1013,single_ridge,30.229977335228398,5.498179456440868,0.9370232630592514,0.01,0.01,0.1,0.01,0.1,0.03162277660168379,10.0,0.9,off2,162,True,2
B_target_is_X1,1013,transfer_ridge,21.932327583079964,4.683196299866147,0.9543093794156324,0.01,0.01,0.1,0.01,0.1,0.03162277660168379,10.0,0.9,off2,162,True,2
B_target_is_X1,1013,transfer_ridge_ada,22.121761774140676,4.703377698435527,0.9539147397807521,0.01,0.01,0.1,0.01,0.1,0.03162277660168379,10.0,0.9,off2,162,True,2
B_target_is_X1,1013,pooled_ridge,33.49586673394833,5.787561380577171,0.9302195842056427,0.01,0.01,0.1,0.01,0.1,0.03162277660168379,10.0,0.9,off2,162,True,2
B_target_is_X1,1013,single_lasso,56.34752283539299,7.506498706813516,0.8826137683294906,0.01,0.01,0.1,0.01,0.1,0.03162277660168379,10.0,0.9,off2,162,True,2
B_target_is_X1,1013,transfer_lasso,41.241144738970675,6.421926871194554,0.9140841987885047,0.01,0.01,0.1,0.01,0.1,0.03162277660168379,10.0,0.9,off2,162,True,2
B_target_is_X1,1014,single_ridge,33.12253654770799,5.7552182015722035,0.9309973260037981,0.03162277660168379,0.01,0.1,0.01,0.03162277660168379,0.03162277660168379,0.31622776601683794,0.9,off2,162,True,2
B_target_is_X1,1014,transfer_ridge,22.612421584555722,4.755252000110585,0.9528925705126364,0.03162277660168379,0.01,0.1,0.01,0.03162277660168379,0.03162277660168379,0.31622776601683794,0.9,off2,162,True,2
B_target_is_X1,1014,transfer_ridge_ada,22.532491480204936,4.746840157431566,0.9530590852638559,0.03162277660168379,0.01,0.1,0.01,0.03162277660168379,0.03162277660168379,0.31622776601683794,0.9,off2,162,True,2
B_target_is_X1,1014,pooled_ridge,30.233319280152024,5.498483361814603,0.9370163009373818,0.03162277660168379,0.01,0.1,0.01,0.03162277660168379,0.03162277660168379,0.31622776601683794,0.9,off2,162,True,2
B_target_is_X1,1014,single_lasso,30.738036077441034,5.544189397688451,0.935964847387815,0.03162277660168379,0.01,0.1,0.01,0.03162277660168379,0.03162277660168379,0.31622776601683794,0.9,off2,162,True,2
B_target_is_X1,1014,transfer_lasso,29.794610922470156,5.458444001954234,0.9379302421067401,0.03162277660168379,0.01,0.1,0.01,0.03162277660168379,0.03162277660168379,0.31622776601683794,0.9,off2,162,True,2
B_target_is_X1,1015,single_ridge,28.090853568464528,5.300080524715122,0.9414796023164497,0.01,0.01,0.1,0.01,0.03162277660168379,0.03162277660168379,0.1,1.0,off2,162,True,2
B_target_is_X1,1015,transfer_ridge,20.30250699150626,4.505830333191238,0.9577047105307683,0.01,0.01,0.1,0.01,0.03162277660168379,0.03162277660168379,0.1,1.0,off2,162,True,2
B_target_is_X1,1015,transfer_ridge_ada,20.30250699150626,4.505830333191238,0.9577047105307683,0.01,0.01,0.1,0.01,0.03162277660168379,0.03162277660168379,0.1,1.0,off2,162,True,2
B_target_is_X1,1015,pooled_ridge,29.91500837639747,5.469461433852283,0.9376794235665794,0.01,0.01,0.1,0.01,0.03162277660168379,0.03162277660168379,0.1,1.0,off2,162,True,2
B_target_is_X1,1015,single_lasso,60.06742230361034,7.750317561468713,0.874864270946211,0.01,0.01,0.1,0.01,0.03162277660168379,0.03162277660168379,0.1,1.0,off2,162,True,2
B_target_is_X1,1015,transfer_lasso,28.06633128071574,5.297766631394379,0.9415306884832574,0.01,0.01,0.1,0.01,0.03162277660168379,0.03162277660168379,0.1,1.0,off2,162,True,2
B_target_is_X1,1016,single_ridge,31.596003886946498,5.621032279479143,0.9341774820701477,0.03162277660168379,0.01,0.1,0.01,0.03162277660168379,0.03162277660168379,0.1,1.0,off2,162,True,2
B_target_is_X1,1016,transfer_ridge,19.961301230483315,4.467807206055708,0.9584155289748685,0.03162277660168379,0.01,0.1,0.01,0.03162277660168379,0.03162277660168379,0.1,1.0,off2,162,True,2
B_target_is_X1,1016,transfer_ridge_ada,19.961301230483315,4.467807206055708,0.9584155289748685,0.03162277660168379,0.01,0.1,0.01,0.03162277660168379,0.03162277660168379,0.1,1.0,off2,162,True,2
B_target_is_X1,1016,pooled_ridge,27.83369595802867,5.2757649642519775,0.9420153270708925,0.03162277660168379,0.01,0.1,0.01,0.03162277660168379,0.03162277660168379,0.1,1.0,off2,162,True,2
B_target_is_X1,1016,single_lasso,29.61501672916877,5.441968093361883,0.9383043825218058,0.03162277660168379,0.01,0.1,0.01,0.03162277660168379,0.03162277660168379,0.1,1.0,off2,162,True,2
B_target_is_X1,1016,transfer_lasso,29.586009921201565,5.4393023377269225,0.9383648110856312,0.03162277660168379,0.01,0.1,0.01,0.03162277660168379,0.03162277660168379,0.1,1.0,off2,162,True,2
B_target_is_X1,1017,single_ridge,23.83373953684985,4.881981107793213,0.95034825436745,0.01,0.01,0.1,0.01,0.03162277660168379,0.03162277660168379,0.1,0.9,off2,162,True,2
B_target_is_X1,1017,transfer_ridge,20.619993054844116,4.54092425116783,0.9570433062540975,0.01,0.01,0.1,0.01,0.03162277660168379,0.03162277660168379,0.1,0.9,off2,162,True,2
B_target_is_X1,1017,transfer_ridge_ada,20.479817154512585,4.525463197785679,0.95733532833214,0.01,0.01,0.1,0.01,0.03162277660168379,0.03162277660168379,0.1,0.9,off2,162,True,2
B_target_is_X1,1017,pooled_ridge,32.14716583177248,5.669847073049897,0.9330292714570154,0.01,0.01,0.1,0.01,0.03162277660168379,0.03162277660168379,0.1,0.9,off2,162,True,2
B_target_is_X1,1017,single_lasso,38.51853686926641,6.206330386731471,0.919756083940842,0.01,0.01,0.1,0.01,0.03162277660168379,0.03162277660168379,0.1,0.9,off2,162,True,2
B_target_is_X1,1017,transfer_lasso,29.255825830913718,5.408865484638504,0.9390526685843481,0.01,0.01,0.1,0.01,0.03162277660168379,0.03162277660168379,0.1,0.9,off2,162,True,2
B_target_is_X1,1018,single_ridge,70.19960643311946,8.378520539637021,0.8537563525550277,0.03162277660168379,0.01,0.31622776601683794,0.01,0.03162277660168379,0.1,0.1,0.9,off2,162,True,2
B_target_is_X1,1018,transfer_ridge,24.066965316103293,4.9058093436356955,0.9498623857085037,0.03162277660168379,0.01,0.31622776601683794,0.01,0.03162277660168379,0.1,0.1,0.9,off2,162,True,2
B_target_is_X1,1018,transfer_ridge_ada,22.870476824102315,4.782308733666441,0.9523549757682908,0.03162277660168379,0.01,0.31622776601683794,0.01,0.03162277660168379,0.1,0.1,0.9,off2,162,True,2
B_target_is_X1,1018,pooled_ridge,30.501346447079612,5.5228024088391585,0.9364579321302406,0.03162277660168379,0.01,0.31622776601683794,0.01,0.03162277660168379,0.1,0.1,0.9,off2,162,True,2
B_target_is_X1,1018,single_lasso,39.81899533016367,6.310229419772602,0.9170468979733468,0.03162277660168379,0.01,0.31622776601683794,0.01,0.03162277660168379,0.1,0.1,0.9,off2,162,True,2
B_target_is_X1,1018,transfer_lasso,27.627268462873502,5.256164805528219,0.9424453680833473,0.03162277660168379,0.01,0.31622776601683794,0.01,0.03162277660168379,0.1,0.1,0.9,off2,162,True,2
B_target_is_X1,1019,single_ridge,52.05696266728674,7.215051120212991,0.8915520971955331,0.03162277660168379,0.01,0.1,0.01,0.1,0.1,0.1,1.0,off2,162,True,2
B_target_is_X1,1019,transfer_ridge,20.891522713153133,4.57072452825076,0.9564776408659528,0.03162277660168379,0.01,0.1,0.01,0.1,0.1,0.1,1.0,off2,162,True,2
B_target_is_X1,1019,transfer_ridge_ada,20.891522713153133,4.57072452825076,0.9564776408659528,0.03162277660168379,0.01,0.1,0.01,0.1,0.1,0.1,1.0,off2,162,True,2
B_target_is_X1,1019,pooled_ridge,28.200224784687435,5.310388383601282,0.9412517542358316,0.03162277660168379,0.01,0.1,0.01,0.1,0.1,0.1,1.0,off2,162,True,2
B_target_is_X1,1019,single_lasso,43.05433628559197,6.561580319221275,0.9103068593023221,0.03162277660168379,0.01,0.1,0.01,0.1,0.1,0.1,1.0,off2,162,True,2
B_target_is_X1,1019,transfer_lasso,26.345349926085092,5.132772148272811,0.9451159306701314,0.03162277660168379,0.01,0.1,0.01,0.1,0.1,0.1,1.0,off2,162,True,2
A_target_is_X,1000,single_ridge,29.755265084416962,5.454838685462382,0.9380122095017307,0.01,0.01,0.1,0.01,0.03162277660168379,0.01,0.31622776601683794,1.0,off3,162,True,3
A_target_is_X,1000,transfer_ridge,20.395474236108836,4.516134877980155,0.9575110360981838,0.01,0.01,0.1,0.01,0.03162277660168379,0.01,0.31622776601683794,1.0,off3,162,True,3
A_target_is_X,1000,transfer_ridge_ada,20.395474236108836,4.516134877980155,0.9575110360981838,0.01,0.01,0.1,0.01,0.03162277660168379,0.01,0.31622776601683794,1.0,off3,162,True,3
A_target_is_X,1000,pooled_ridge,24.695391334248875,4.969445777372853,0.9485532143653497,0.01,0.01,0.1,0.01,0.03162277660168379,0.01,0.31622776601683794,1.0,off3,162,True,3
A_target_is_X,1000,single_lasso,96.04910998049284,9.800464783901468,0.7999052574351251,0.01,0.01,0.1,0.01,0.03162277660168379,0.01,0.31622776601683794,1.0,off3,162,True,3
A_target_is_X,1000,transfer_lasso,32.607423183099904,5.7102909893542115,0.9320704382492309,0.01,0.01,0.1,0.01,0.03162277660168379,0.01,0.31622776601683794,1.0,off3,162,True,3
A_target_is_X,1001,single_ridge,52.38303664090156,7.237612634073583,0.8908728021159554,0.03162277660168379,0.01,0.1,0.01,0.03162277660168379,0.1,0.1,1.0,off3,162,True,3
A_target_is_X,1001,transfer_ridge,19.950177239627795,4.466562127590726,0.9584387030791052,0.03162277660168379,0.01,0.1,0.01,0.03162277660168379,0.1,0.1,1.0,off3,162,True,3
A_target_is_X,1001,transfer_ridge_ada,19.950177239627795,4.466562127590726,0.9584387030791052,0.03162277660168379,0.01,0.1,0.01,0.03162277660168379,0.1,0.1,1.0,off3,162,True,3
A_target_is_X,1001,pooled_ridge,24.17383493985512,4.91668942885913,0.9496397490817097,0.03162277660168379,0.01,0.1,0.01,0.03162277660168379,0.1,0.1,1.0,off3,162,True,3
A_target_is_X,1001,single_lasso,41.57311801222409,6.4477219242321615,0.9133926139662866,0.03162277660168379,0.01,0.1,0.01,0.03162277660168379,0.1,0.1,1.0,off3,162,True,3
A_target_is_X,1001,transfer_lasso,26.598111722151224,5.157335719356577,0.9445893635158459,0.03162277660168379,0.01,0.1,0.01,0.03162277660168379,0.1,0.1,1.0,off3,162,True,3
A_target_is_X,1002,single_ridge,248.85681113986243,15.775196072945098,0.4815679232149096,0.03162277660168379,0.01,0.1,0.01,0.1,0.03162277660168379,0.31622776601683794,1.0,off3,162,True,3
A_target_is_X,1002,transfer_ridge,21.313765355774105,4.616683371834601,0.9555980019719295,0.03162277660168379,0.01,0.1,0.01,0.1,0.03162277660168379,0.31622776601683794,1.0,off3,162,True,3
A_target_is_X,1002,transfer_ridge_ada,21.313765355774105,4.616683371834601,0.9555980019719295,0.03162277660168379,0.01,0.1,0.01,0.1,0.03162277660168379,0.31622776601683794,1.0,off3,162,True,3
A_target_is_X,1002,pooled_ridge,25.366572033675027,5.036523804537712,0.9471549741391417,0.03162277660168379,0.01,0.1,0.01,0.1,0.03162277660168379,0.31622776601683794,1.0,off3,162,True,3
A_target_is_X,1002,single_lasso,330.84231080701517,18.189071191432927,0.310771260411024,0.03162277660168379,0.01,0.1,0.01,0.1,0.03162277660168379,0.31622776601683794,1.0,off3,162,True,3
A_target_is_X,1002,transfer_lasso,29.594754087890383,5.440106073220483,0.938346594760848,0.03162277660168379,0.01,0.1,0.01,0.1,0.03162277660168379,0.31622776601683794,1.0,off3,162,True,3
A_target_is_X,1003,single_ridge,25.4497117085001,5.044770729032202,0.9469817730357226,0.01,0.01,0.1,0.01,0.03162277660168379,0.03162277660168379,0.1,1.0,off3,162,True,3
A_target_is_X,1003,transfer_ridge,19.34364583535543,4.398141179561592,0.9597022623689313,0.01,0.01,0.1,0.01,0.03162277660168379,0.03162277660168379,0.1,1.0,off3,162,True,3
A_target_is_X,1003,transfer_ridge_ada,19.34364583535543,4.398141179561592,0.9597022623689313,0.01,0.01,0.1,0.01,0.03162277660168379,0.03162277660168379,0.1,1.0,off3,162,True,3
A_target_is_X,1003,pooled_ridge,24.888344045656964,4.9888219095951865,0.9481512447570499,0.01,0.01,0.1,0.01,0.03162277660168379,0.03162277660168379,0.1,1.0,off3,162,True,3
A_target_is_X,1003,single_lasso,30.24772429571993,5.499793113901643,0.9369862916235808,0.01,0.01,0.1,0.01,0.03162277660168379,0.03162277660168379,0.1,1.0,off3,162,True,3
A_target_is_X,1003,transfer_lasso,25.944010855664626,5.093526367426071,0.9459520221028715,0.01,0.01,0.1,0.01,0.03162277660168379,0.03162277660168379,0.1,1.0,off3,162,True,3
A_target_is_X,1004,single_ridge,45.03492909020119,6.7108068881618985,0.906180780388685,0.01,0.01,0.1,0.0031622776601683794,0.1,0.03162277660168379,0.31622776601683794,0.9,off3,162,True,3
A_target_is_X,1004,transfer_ridge,20.64161885250632,4.543304838166411,0.9569982542133565,0.01,0.01,0.1,0.0031622776601683794,0.1,0.03162277660168379,0.31622776601683794,0.9,off3,162,True,3
A_target_is_X,1004,transfer_ridge_ada,21.456423840688927,4.632107926278157,0.9553008080383312,0.01,0.01,0.1,0.0031622776601683794,0.1,0.03162277660168379,0.31622776601683794,0.9,off3,162,True,3
A_target_is_X,1004,pooled_ridge,25.52424262338223,5.052152276345422,0.9468265061703712,0.01,0.01,0.1,0.0031622776601683794,0.1,0.03162277660168379,0.31622776601683794,0.9,off3,162,True,3
A_target_is_X,1004,single_lasso,130.70679103399252,11.432707073742094,0.7277044867074839,0.01,0.01,0.1,0.0031622776601683794,0.1,0.03162277660168379,0.31622776601683794,0.9,off3,162,True,3
A_target_is_X,1004,transfer_lasso,28.056277631346067,5.296817689079554,0.9415516327937551,0.01,0.01,0.1,0.0031622776601683794,0.1,0.03162277660168379,0.31622776601683794,0.9,off3,162,True,3
A_target_is_X,1005,single_ridge,54.47277823178529,7.380567609051846,0.8865193384998957,0.01,0.01,0.1,0.01,0.1,0.03162277660168379,0.1,1.0,off3,162,True,3
A_target_is_X,1005,transfer_ridge,20.192000310436377,4.493550968937192,0.9579349240736618,0.01,0.01,0.1,0.01,0.1,0.03162277660168379,0.1,1.0,off3,162,True,3
A_target_is_X,1005,transfer_ridge_ada,20.192000310436377,4.493550968937192,0.9579349240736618,0.01,0.01,0.1,0.01,0.1,0.03162277660168379,0.1,1.0,off3,162,True,3
A_target_is_X,1005,pooled_ridge,24.497046941570893,4.949449155367787,0.9489664162180285,0.01,0.01,0.1,0.01,0.1,0.03162277660168379,0.1,1.0,off3,162,True,3
A_target_is_X,1005,single_lasso,242.28458527996048,15.565493415885038,0.49525954244784554,0.01,0.01,0.1,0.01,0.1,0.03162277660168379,0.1,1.0,off3,162,True,3
A_target_is_X,1005,transfer_lasso,36.06579937528898,6.005480778030098,0.9248657604129749,0.01,0.01,0.1,0.01,0.1,0.03162277660168379,0.1,1.0,off3,162,True,3
A_target_is_X,1006,single_ridge,40.484466263410944,6.362740468022481,0.9156605526433426,0.03162277660168379,0.01,0.1,0.01,0.03162277660168379,0.03162277660168379,0.1,1.0,off3,162,True,3
A_target_is_X,1006,transfer_ridge,21.42869610321295,4.629113965243559,0.9553585719727735,0.03162277660168379,0.01,0.1,0.01,0.03162277660168379,0.03162277660168379,0.1,1.0,off3,162,True,3
A_target_is_X,1006,transfer_ridge_ada,21.42869610321295,4.629113965243559,0.9553585719727735,0.03162277660168379,0.01,0.1,0.01,0.03162277660168379,0.03162277660168379,0.1,1.0,off3,162,True,3
A_target_is_X,1006,pooled_ridge,24.778333615524517,4.977784006515803,0.9483804244829347,0.03162277660168379,0.01,0.1,0.01,0.03162277660168379,0.03162277660168379,0.1,1.0,off3,162,True,3
A_target_is_X,1006,single_lasso,36.50384519645174,6.041841209139126,0.9239531994758149,0.03162277660168379,0.01,0.1,0.01,0.03162277660168379,0.03162277660168379,0.1,1.0,off3,162,True,3
A_target_is_X,1006,transfer_lasso,28.237118590197174,5.3138609870975335,0.9411748950487219,0.03162277660168379,0.01,0.1,0.01,0.03162277660168379,0.03162277660168379,0.1,1.0,off3,162,True,3
A_target_is_X,1007,single_ridge,33.26895822620988,5.767924949772655,0.9306922923801476,0.01,0.01,0.1,0.01,0.1,0.03162277660168379,0.31622776601683794,1.0,off3,162,True,3
A_target_is_X,1007,transfer_ridge,19.891186241147246,4.459953614237175,0.9585615963433635,0.01,0.01,0.1,0.01,0.1,0.03162277660168379,0.31622776601683794,1.0,off3,162,True,3
A_target_is_X,1007,transfer_ridge_ada,19.891186241147246,4.459953614237175,0.9585615963433635,0.01,0.01,0.1,0.01,0.1,0.03162277660168379,0.31622776601683794,1.0,off3,162,True,3
A_target_is_X,1007,pooled_ridge,23.688962122606576,4.867130789552154,0.9506498625701507,0.01,0.01,0.1,0.01,0.1,0.03162277660168379,0.31622776601683794,1.0,off3,162,True,3
A_target_is_X,1007,single_lasso,111.34149338781225,10.551847866028597,0.7680473305713322,0.01,0.01,0.1,0.01,0.1,0.03162277660168379,0.31622776601683794,1.0,off3,162,True,3
A_target_is_X,1007,transfer_lasso,26.829687807116017,5.179738198704257,0.9441069315899839,0.01,0.01,0.1,0.01,0.1,0.03162277660168379,0.31622776601683794,1.0,off3,162,True,3
A_target_is_X,1008,single_ridge,38.608676440820815,6.213588048850745,0.9195683002709178,0.01,0.0031622776601683794,0.1,0.01,0.1,0.1,0.1,1.0,off3,162,True,3
A_target_is_X,1008,transfer_ridge,23.526483520339436,4.850410654814645,0.9509883468528217,0.01,0.0031622776601683794,0.1,0.01,0.1,0.1,0.1,1.0,off3,162,True,3
A_target_is_X,1008,transfer_ridge_ada,23.526483520339436,4.850410654814645,0.9509883468528217,0.01,0.0031622776601683794,0.1,0.01,0.1,0.1,0.1,1.0,off3,162,True,3
A_target_is_X,1008,pooled_ridge,23.572759080542646,4.855178583795105,0.9508919430828359,0.01,0.0031622776601683794,0.1,0.01,0.1,0.1,0.1,1.0,off3,162,True,3
A_target_is_X,1008,single_lasso,46.864984040416736,6.845800467470312,0.9023683101407325,0.01,0.0031622776601683794,0.1,0.01,0.1,0.1,0.1,1.0,off3,162,True,3
A_target_is_X,1008,transfer_lasso,29.180244422336216,5.401874158321,0.9392101238954392,0.01,0.0031622776601683794,0.1,0.01,0.1,0.1,0.1,1.0,off3,162,True,3
A_target_is_X,1009,single_ridge,33.664100851610925,5.802077287628193,0.9298691097195058,0.01,0.01,0.1,0.0031622776601683794,0.01,0.03162277660168379,0.03162277660168379,1.0,off3,162,True,3
A_target_is_X,1009,transfer_ridge,19.76557281364203,4.445848941837996,0.9588232810840597,0.01,0.01,0.1,0.0031622776601683794,0.01,0.03162277660168379,0.03162277660168379,1.0,off3,162,True,3
A_target_is_X,1009,transfer_ridge_ada,19.76557281364203,4.445848941837996,0.9588232810840597,0.01,0.01,0.1,0.0031622776601683794,0.01,0.03162277660168379,0.03162277660168379,1.0,off3,162,True,3
A_target_is_X,1009,pooled_ridge,24.955770545355158,4.995575096558469,0.9480107781967465,0.01,0.01,0.1,0.0031622776601683794,0.01,0.03162277660168379,0.03162277660168379,1.0,off3,162,True,3
A_target_is_X,1009,single_lasso,38.198681119705775,6.180508160313824,0.9204224248770487,0.01,0.01,0.1,0.0031622776601683794,0.01,0.03162277660168379,0.03162277660168379,1.0,off3,162,True,3
A_target_is_X,1009,transfer_lasso,24.714308408462607,4.971348751441867,0.9485138052849776,0.01,0.01,0.1,0.0031622776601683794,0.01,0.03162277660168379,0.03162277660168379,1.0,off3,162,True,3
A_target_is_X,1010,single_ridge,28.423828399008926,5.33140022874,0.9407859309954776,0.01,0.01,0.1,0.01,0.1,0.1,0.31622776601683794,0.9,off3,162,True,3
A_target_is_X,1010,transfer_ridge,20.472660599749737,4.524672430104719,0.9573502372572015,0.01,0.01,0.1,0.01,0.1,0.1,0.31622776601683794,0.9,off3,162,True,3
A_target_is_X,1010,transfer_ridge_ada,20.20507901926714,4.495006008813241,0.9579076777943667,0.01,0.01,0.1,0.01,0.1,0.1,0.31622776601683794,0.9,off3,162,True,3
A_target_is_X,1010,pooled_ridge,24.47214651270469,4.946933041057327,0.9490182901490284,0.01,0.01,0.1,0.01,0.1,0.1,0.31622776601683794,0.9,off3,162,True,3
A_target_is_X,1010,single_lasso,57.94384960681557,7.6120857592919675,0.8792882133665962,0.01,0.01,0.1,0.01,0.1,0.1,0.31622776601683794,0.9,off3,162,True,3
A_target_is_X,1010,transfer_lasso,26.685492987311004,5.165800323987659,0.9444073261001874,0.01,0.01,0.1,0.01,0.1,0.1,0.31622776601683794,0.9,off3,162,True,3
A_target_is_X,1011,single_ridge,34.523891601277995,5.875703498414296,0.928077946753506,0.01,0.01,0.31622776601683794,0.01,0.1,0.1,0.1,0.9,off3,162,True,3
A_target_is_X,1011,transfer_ridge,20.802906563075194,4.561020342322011,0.9566622508611993,0.01,0.01,0.31622776601683794,0.01,0.1,0.1,0.1,0.9,off3,162,True,3
A_target_is_X,1011,transfer_ridge_ada,20.65789069660512,4.545095235152408,0.9569643558205794,0.01,0.01,0.31622776601683794,0.01,0.1,0.1,0.1,0.9,off3,162,True,3
A_target_is_X,1011,pooled_ridge,24.460780177766893,4.945784081191464,0.94904196911767,0.01,0.01,0.31622776601683794,0.01,0.1,0.1,0.1,0.9,off3,162,True,3
A_target_is_X,1011,single_lasso,109.39560343998556,10.459235318128451,0.7721011146017001,0.01,0.01,0.31622776601683794,0.01,0.1,0.1,0.1,0.9,off3,162,True,3
A_target_is_X,1011,transfer_lasso,27.129565901135848,5.208604986091367,0.9434822091949931,0.01,0.01,0.31622776601683794,0.01,0.1,0.1,0.1,0.9,off3,162,True,3
A_target_is_X,1012,single_ridge,23.90826312135041,4.8896076653807725,0.9501930027731491,0.01,0.01,0.1,0.01,0.1,0.03162277660168379,1.0,1.0,off3,162,True,3
A_target_is_X,1012,transfer_ridge,20.864538307827466,4.567771700493301,0.9565338562503327,0.01,0.01,0.1,0.01,0.1,0.03162277660168379,1.0,1.0,off3,162,True,3
A_target_is_X,1012,transfer_ridge_ada,20.864538307827466,4.567771700493301,0.9565338562503327,0.01,0.01,0.1,0.01,0.1,0.03162277660168379,1.0,1.0,off3,162,True,3
A_target_is_X,1012,pooled_ridge,23.431655531974215,4.840625531062511,0.9511858976882615,0.01,0.01,0.1,0.01,0.1,0.03162277660168379,1.0,1.0,off3,162,True,3
A_target_is_X,1012,single_lasso,76.70992360831329,8.758420154817493,0.8401937048693733,0.01,0.01,0.1,0.01,0.1,0.03162277660168379,1.0,1.0,off3,162,True,3
A_target_is_X,1012,transfer_lasso,32.90993169470435,5.73671785036569,0.9314402360249159,0.01,0.01,0.1,0.01,0.1,0.03162277660168379,1.0,1.0,off3,162,True,3
A_target_is_X,1013,single_ridge,31.051233691965454,5.572363384773596,0.935312377041521,0.01,0.01,0.1,0.01,0.03162277660168379,0.03162277660168379,0.31622776601683794,0.9,off3,162,True,3
A_target_is_X,1013,transfer_ridge,19.798380300438584,4.449537088331614,0.9587549347388817,0.01,0.01,0.1,0.01,0.03162277660168379,0.03162277660168379,0.31622776601683794,0.9,off3,162,True,3
A_target_is_X,1013,transfer_ridge_ada,20.09878650453406,4.483167017247301,0.9581291121561886,0.01,0.01,0.1,0.01,0.03162277660168379,0.03162277660168379,0.31622776601683794,0.9,off3,162,True,3
A_target_is_X,1013,pooled_ridge,26.079746803985888,5.1068333440583205,0.9456692495749257,0.01,0.01,0.1,0.01,0.03162277660168379,0.03162277660168379,0.31622776601683794,0.9,off3,162,True,3
A_target_is_X,1013,single_lasso,97.68414453671119,9.883528951579551,0.7964990643045732,0.01,0.01,0.1,0.01,0.03162277660168379,0.03162277660168379,0.31622776601683794,0.9,off3,162,True,3
A_target_is_X,1013,transfer_lasso,27.57346033144429,5.25104373733873,0.9425574641163913,0.01,0.01,0.1,0.01,0.03162277660168379,0.03162277660168379,0.31622776601683794,0.9,off3,162,True,3
A_target_is_X,1014,single_ridge,30.017771633615386,5.47884765563119,0.9374653415464302,0.03162277660168379,0.0031622776601683794,0.31622776601683794,0.01,0.03162277660168379,0.1,1.0,0.9,off3,162,True,3
A_target_is_X,1014,transfer_ridge,22.65044257066067,4.75924810980271,0.9528133631214563,0.03162277660168379,0.0031622776601683794,0.31622776601683794,0.01,0.03162277660168379,0.1,1.0,0.9,off3,162,True,3
A_target_is_X,1014,transfer_ridge_ada,22.190304567714836,4.710658612945204,0.9537719476961853,0.03162277660168379,0.0031622776601683794,0.31622776601683794,0.01,0.03162277660168379,0.1,1.0,0.9,off3,162,True,3
A_target_is_X,1014,pooled_ridge,24.001668621623686,4.899149785587667,0.9499984153424574,0.03162277660168379,0.0031622776601683794,0.31622776601683794,0.01,0.03162277660168379,0.1,1.0,0.9,off3,162,True,3
A_target_is_X,1014,single_lasso,46.43596633187182,6.8143940546369794,0.903262063221469,0.03162277660168379,0.0031622776601683794,0.31622776601683794,0.01,0.03162277660168379,0.1,1.0,0.9,off3,162,True,3
A_target_is_X,1014,transfer_lasso,29.380746345747262,5.420400939575159,0.9387924273571076,0.03162277660168379,0.0031622776601683794,0.31622776601683794,0.01,0.03162277660168379,0.1,1.0,0.9,off3,162,True,3
A_target_is_X,1015,single_ridge,45.533571909842514,6.747856838274099,0.9051419804805108,0.01,0.01,0.1,0.01,0.03162277660168379,0.03162277660168379,0.1,0.8,off3,162,True,3
A_target_is_X,1015,transfer_ridge,21.903914524859818,4.6801618054144045,0.9543685710476132,0.01,0.01,0.1,0.01,0.03162277660168379,0.03162277660168379,0.1,0.8,off3,162,True,3
A_target_is_X,1015,transfer_ridge_ada,24.53678684500265,4.953462106951324,0.9488836278845567,0.01,0.01,0.1,0.01,0.03162277660168379,0.03162277660168379,0.1,0.8,off3,162,True,3
A_target_is_X,1015,pooled_ridge,22.675705209983242,4.7619014279994545,0.9527607346138857,0.01,0.01,0.1,0.01,0.03162277660168379,0.03162277660168379,0.1,0.8,off3,162,True,3
A_target_is_X,1015,single_lasso,71.2175281881787,8.43904782473584,0.8516357624572002,0.01,0.01,0.1,0.01,0.03162277660168379,0.03162277660168379,0.1,0.8,off3,162,True,3
A_target_is_X,1015,transfer_lasso,37.35728239051436,6.112060404684688,0.9221752725832499,0.01,0.01,0.1,0.01,0.03162277660168379,0.03162277660168379,0.1,0.8,off3,162,True,3
A_target_is_X,1016,single_ridge,28.74415504849859,5.361357575138837,0.9401186090548649,0.01,0.01,0.1,0.01,0.01,0.03162277660168379,0.03162277660168379,1.0,off3,162,True,3
A_target_is_X,1016,transfer_ridge,18.966945351104982,4.3551056647462625,0.960487025355652,0.01,0.01,0.1,0.01,0.01,0.03162277660168379,0.03162277660168379,1.0,off3,162,True,3
A_target_is_X,1016,transfer_ridge_ada,18.966945351104982,4.3551056647462625,0.960487025355652,0.01,0.01,0.1,0.01,0.01,0.03162277660168379,0.03162277660168379,1.0,off3,162,True,3
A_target_is_X,1016,pooled_ridge,24.044512424045042,4.90352041130095,0.9499091607973842,0.01,0.01,0.1,0.01,0.01,0.03162277660168379,0.03162277660168379,1.0,off3,162,True,3
A_target_is_X,1016,single_lasso,39.21603418058198,6.262270688862146,0.9183030195139491,0.01,0.01,0.1,0.01,0.01,0.03162277660168379,0.03162277660168379,1.0,off3,162,True,3
A_target_is_X,1016,transfer_lasso,27.07755275747091,5.2036095892631025,0.9435905658116629,0.01,0.01,0.1,0.01,0.01,0.03162277660168379,0.03162277660168379,1.0,off3,162,True,3
A_target_is_X,1017,single_ridge,24.222973356613736,4.921683996013329,0.9495373812528629,0.01,0.01,0.1,0.01,0.03162277660168379,0.03162277660168379,0.1,0.8,off3,162,True,3
A_target_is_X,1017,transfer_ridge,21.81412463381499,4.670559349137423,0.954555626244035,0.01,0.01,0.1,0.01,0.03162277660168379,0.03162277660168379,0.1,0.8,off3,162,True,3
A_target_is_X,1017,transfer_ridge_ada,21.42259011088395,4.6284543976238925,0.9553712923088955,0.01,0.01,0.1,0.01,0.03162277660168379,0.03162277660168379,0.1,0.8,off3,162,True,3
A_target_is_X,1017,pooled_ridge,24.75957532529793,4.975899448873332,0.9484195027758476,0.01,0.01,0.1,0.01,0.03162277660168379,0.03162277660168379,0.1,0.8,off3,162,True,3
A_target_is_X,1017,single_lasso,39.783309693317634,6.30740118379334,0.9171212402376262,0.01,0.01,0.1,0.01,0.03162277660168379,0.03162277660168379,0.1,0.8,off3,162,True,3
A_target_is_X,1017,transfer_lasso,27.554073340755878,5.249197399675104,0.9425978521523835,0.01,0.01,0.1,0.01,0.03162277660168379,0.03162277660168379,0.1,0.8,off3,162,True,3
A_target_is_X,1018,single_ridge,30.796244027314142,5.549436370237444,0.935843585413108,0.01,0.01,0.31622776601683794,0.01,0.03162277660168379,0.1,0.1,1.0,off3,162,True,3
A_target_is_X,1018,transfer_ridge,20.66135278205042,4.545476078701814,0.9569571434154248,0.01,0.01,0.31622776601683794,0.01,0.03162277660168379,0.1,0.1,1.0,off3,162,True,3
A_target_is_X,1018,transfer_ridge_ada,20.66135278205042,4.545476078701814,0.9569571434154248,0.01,0.01,0.31622776601683794,0.01,0.03162277660168379,0.1,0.1,1.0,off3,162,True,3
A_target_is_X,1018,pooled_ridge,23.549574621789336,4.852790395410596,0.950940242211341,0.01,0.01,0.31622776601683794,0.01,0.03162277660168379,0.1,0.1,1.0,off3,162,True,3
A_target_is_X,1018,single_lasso,40.356491191795186,6.352675907977298,0.9159271572898081,0.01,0.01,0.31622776601683794,0.01,0.03162277660168379,0.1,0.1,1.0,off3,162,True,3
A_target_is_X,1018,transfer_lasso,28.189199535936137,5.3093501990296454,0.9412747226351332,0.01,0.01,0.31622776601683794,0.01,0.03162277660168379,0.1,0.1,1.0,off3,162,True,3
A_target_is_X,1019,single_ridge,54.70356658256218,7.396185948349472,0.8860385476248418,0.03162277660168379,0.01,0.31622776601683794,0.01,0.1,0.1,0.1,1.0,off3,162,True,3
A_target_is_X,1019,transfer_ridge,20.83508217995056,4.564546218404471,0.9565952208618911,0.03162277660168379,0.01,0.31622776601683794,0.01,0.1,0.1,0.1,1.0,off3,162,True,3
A_target_is_X,1019,transfer_ridge_ada,20.83508217995056,4.564546218404471,0.9565952208618911,0.03162277660168379,0.01,0.31622776601683794,0.01,0.1,0.1,0.1,1.0,off3,162,True,3
A_target_is_X,1019,pooled_ridge,23.645242862665242,4.862637438948666,0.95074094091606,0.03162277660168379,0.01,0.31622776601683794,0.01,0.1,0.1,0.1,1.0,off3,162,True,3
A_target_is_X,1019,single_lasso,43.33870794673338,6.583214104579417,0.9097144407537235,0.03162277660168379,0.01,0.31622776601683794,0.01,0.1,0.1,0.1,1.0,off3,162,True,3
A_target_is_X,1019,transfer_lasso,26.523444773826913,5.1500917247974245,0.9447449137734807,0.03162277660168379,0.01,0.31622776601683794,0.01,0.1,0.1,0.1,1.0,off3,162,True,3
B_target_is_X1,1000,single_ridge,22.78862228886711,4.773743006160586,0.9525254995988497,0.01,0.0031622776601683794,0.03162277660168379,0.01,0.1,0.03162277660168379,1.0,1.0,off3,162,True,3
B_target_is_X1,1000,transfer_ridge,20.389933078736824,4.515521351819391,0.9575225797393283,0.01,0.0031622776601683794,0.03162277660168379,0.01,0.1,0.03162277660168379,1.0,1.0,off3,162,True,3
B_target_is_X1,1000,transfer_ridge_ada,20.389933078736824,4.515521351819391,0.9575225797393283,0.01,0.0031622776601683794,0.03162277660168379,0.01,0.1,0.03162277660168379,1.0,1.0,off3,162,True,3
B_target_is_X1,1000,pooled_ridge,25.035000944180236,5.00349887020875,0.9478457211102266,0.01,0.0031622776601683794,0.03162277660168379,0.01,0.1,0.03162277660168379,1.0,1.0,off3,162,True,3
B_target_is_X1,1000,single_lasso,58.12700962123049,7.624107136001598,0.8789066444385762,0.01,0.0031622776601683794,0.03162277660168379,0.01,0.1,0.03162277660168379,1.0,1.0,off3,162,True,3
B_target_is_X1,1000,transfer_lasso,34.03448258869722,5.833908003105399,0.9290975102913791,0.01,0.0031622776601683794,0.03162277660168379,0.01,0.1,0.03162277660168379,1.0,1.0,off3,162,True,3
B_target_is_X1,1001,single_ridge,39.21281590440777,6.26201372598366,0.9183097240023375,0.01,0.01,0.1,0.01,0.03162277660168379,0.03162277660168379,0.1,1.0,off3,162,True,3
B_target_is_X1,1001,transfer_ridge,20.45787730164438,4.523038503223733,0.9573810346298086,0.01,0.01,0.1,0.01,0.03162277660168379,0.03162277660168379,0.1,1.0,off3,162,True,3
B_target_is_X1,1001,transfer_ridge_ada,20.45787730164438,4.523038503223733,0.9573810346298086,0.01,0.01,0.1,0.01,0.03162277660168379,0.03162277660168379,0.1,1.0,off3,162,True,3
B_target_is_X1,1001,pooled_ridge,25.51296087481668,5.051035623990063,0.9468500089240705,0.01,0.01,0.1,0.01,0.03162277660168379,0.03162277660168379,0.1,1.0,off3,162,True,3
B_target_is_X1,1001,single_lasso,39.04202460182203,6.248361753437618,0.9186655257555255,0.01,0.01,0.1,0.01,0.03162277660168379,0.03162277660168379,0.1,1.0,off3,162,True,3
B_target_is_X1,1001,transfer_lasso,27.81433063494794,5.273929335414719,0.942055669967743,0.01,0.01,0.1,0.01,0.03162277660168379,0.03162277660168379,0.1,1.0,off3,162,True,3
B_target_is_X1,1002,single_ridge,243.92885163038315,15.618221781956585,0.49183411714028435,0.03162277660168379,0.01,0.1,0.01,0.1,0.03162277660168379,0.1,1.0,off3,162,True,3
B_target_is_X1,1002,transfer_ridge,26.475628036667484,5.145447311620972,0.9448445282073276,0.03162277660168379,0.01,0.1,0.01,0.1,0.03162277660168379,0.1,1.0,off3,162,True,3
B_target_is_X1,1002,transfer_ridge_ada,26.475628036667484,5.145447311620972,0.9448445282073276,0.03162277660168379,0.01,0.1,0.01,0.1,0.03162277660168379,0.1,1.0,off3,162,True,3
B_target_is_X1,1002,pooled_ridge,27.21298587160055,5.216606739212814,0.9433084241644156,0.03162277660168379,0.01,0.1,0.01,0.1,0.03162277660168379,0.1,1.0,off3,162,True,3
B_target_is_X1,1002,single_lasso,304.79724642690695,17.458443413629606,0.3650297585197704,0.03162277660168379,0.01,0.1,0.01,0.1,0.03162277660168379,0.1,1.0,off3,162,True,3
B_target_is_X1,1002,transfer_lasso,35.1413173421463,5.928011246796543,0.9267916917877175,0.03162277660168379,0.01,0.1,0.01,0.1,0.03162277660168379,0.1,1.0,off3,162,True,3
B_target_is_X1,1003,single_ridge,38.315309932481206,6.189936181616189,0.9201794573756041,0.01,0.01,0.1,0.01,0.03162277660168379,0.03162277660168379,0.1,0.9,off3,162,True,3
B_target_is_X1,1003,transfer_ridge,20.462814372853725,4.523584239610635,0.9573707494538933,0.01,0.01,0.1,0.01,0.03162277660168379,0.03162277660168379,0.1,0.9,off3,162,True,3
B_target_is_X1,1003,transfer_ridge_ada,21.147420458070638,4.598632455205639,0.9559445407320463,0.01,0.01,0.1,0.01,0.03162277660168379,0.03162277660168379,0.1,0.9,off3,162,True,3
B_target_is_X1,1003,pooled_ridge,29.34716487060615,5.41730236101015,0.9388623861170031,0.01,0.01,0.1,0.01,0.03162277660168379,0.03162277660168379,0.1,0.9,off3,162,True,3
B_target_is_X1,1003,single_lasso,37.419042288650346,6.117110616022106,0.9220466109962674,0.01,0.01,0.1,0.01,0.03162277660168379,0.03162277660168379,0.1,0.9,off3,162,True,3
B_target_is_X1,1003,transfer_lasso,28.544396019294553,5.342695576138936,0.9405347579554815,0.01,0.01,0.1,0.01,0.03162277660168379,0.03162277660168379,0.1,0.9,off3,162,True,3
B_target_is_X1,1004,single_ridge,50.57040679829213,7.111287281378255,0.8946489714297159,0.01,0.01,0.1,0.01,0.1,0.01,0.31622776601683794,1.0,off3,162,True,3
B_target_is_X1,1004,transfer_ridge,20.66158481372532,4.545501601993483,0.9569566600343892,0.01,0.01,0.1,0.01,0.1,0.01,0.31622776601683794,1.0,off3,162,True,3
B_target_is_X1,1004,transfer_ridge_ada,20.66158481372532,4.545501601993483,0.9569566600343892,0.01,0.01,0.1,0.01,0.1,0.01,0.31622776601683794,1.0,off3,162,True,3
B_target_is_X1,1004,pooled_ridge,25.061080878819848,5.006104361558981,0.9477913899684921,0.01,0.01,0.1,0.01,0.1,0.01,0.31622776601683794,1.0,off3,162,True,3
B_target_is_X1,1004,single_lasso,108.98102248049965,10.439397610997467,0.7729647922596968,0.01,0.01,0.1,0.01,0.1,0.01,0.31622776601683794,1.0,off3,162,True,3
B_target_is_X1,1004,transfer_lasso,30.911684052480748,5.559827699891494,0.9356030944588234,0.01,0.01,0.1,0.01,0.1,0.01,0.31622776601683794,1.0,off3,162,True,3
B_target_is_X1,1005,single_ridge,36.47417700476652,6.039385482378693,0.9240150058702606,0.01,0.01,0.1,0.01,0.1,0.1,0.31622776601683794,1.0,off3,162,True,3
B_target_is_X1,1005,transfer_ridge,19.605178050979937,4.427773486864469,0.9591574241984534,0.01,0.01,0.1,0.01,0.1,0.1,0.31622776601683794,1.0,off3,162,True,3
B_target_is_X1,1005,transfer_ridge_ada,19.605178050979937,4.427773486864469,0.9591574241984534,0.01,0.01,0.1,0.01,0.1,0.1,0.31622776601683794,1.0,off3,162,True,3
B_target_is_X1,1005,pooled_ridge,27.306158812589086,5.225529524611749,0.9431143212139053,0.01,0.01,0.1,0.01,0.1,0.1,0.31622776601683794,1.0,off3,162,True,3
B_target_is_X1,1005,single_lasso,98.27982812289473,9.913618316381498,0.795258103780819,0.01,0.01,0.1,0.01,0.1,0.1,0.31622776601683794,1.0,off3,162,True,3
B_target_is_X1,1005,transfer_lasso,35.95387496284732,5.996155014911416,0.9250989274511576,0.01,0.01,0.1,0.01,0.1,0.1,0.31622776601683794,1.0,off3,162,True,3
B_target_is_X1,1006,single_ridge,37.15926497760815,6.095839973097076,0.922587793253841,0.01,0.01,0.1,0.01,0.03162277660168379,0.03162277660168379,0.1,0.9,off3,162,True,3
B_target_is_X1,1006,transfer_ridge,21.114142752250594,4.595012813067075,0.9560138666631305,0.01,0.01,0.1,0.01,0.03162277660168379,0.03162277660168379,0.1,0.9,off3,162,True,3
B_target_is_X1,1006,transfer_ridge_ada,21.892656998095752,4.678958965207512,0.954392023341135,0.01,0.01,0.1,0.01,0.03162277660168379,0.03162277660168379,0.1,0.9,off3,162,True,3
B_target_is_X1,1006,pooled_ridge,24.402157622816805,4.939854008249313,0.949164094820278,0.01,0.01,0.1,0.01,0.03162277660168379,0.03162277660168379,0.1,0.9,off3,162,True,3
B_target_is_X1,1006,single_lasso,50.40258126864036,7.099477534906379,0.8949985947230322,0.01,0.01,0.1,0.01,0.03162277660168379,0.03162277660168379,0.1,0.9,off3,162,True,3
B_target_is_X1,1006,transfer_lasso,28.430786426747762,5.33205274043194,0.9407714356527362,0.01,0.01,0.1,0.01,0.03162277660168379,0.03162277660168379,0.1,0.9,off3,162,True,3
B_target_is_X1,1007,single_ridge,81.79615493987839,9.044122673862756,0.8295977904551572,0.01,0.01,0.1,0.01,0.31622776601683794,0.03162277660168379,1.0,0.8,off3,162,True,3
B_target_is_X1,1007,transfer_ridge,21.356215605568018,4.621278568271774,0.9555095672971464,0.01,0.01,0.1,0.01,0.31622776601683794,0.03162277660168379,1.0,0.8,off3,162,True,3
B_target_is_X1,1007,transfer_ridge_ada,24.584628460251114,4.958288864139635,0.9487839616233184,0.01,0.01,0.1,0.01,0.31622776601683794,0.03162277660168379,1.0,0.8,off3,162,True,3
B_target_is_X1,1007,pooled_ridge,27.05571050800117,5.201510406410927,0.9436360687766104,0.01,0.01,0.1,0.01,0.31622776601683794,0.03162277660168379,1.0,0.8,off3,162,True,3
B_target_is_X1,1007,single_lasso,167.22599649261196,12.931589093866691,0.6516256868477006,0.01,0.01,0.1,0.01,0.31622776601683794,0.03162277660168379,1.0,0.8,off3,162,True,3
B_target_is_X1,1007,transfer_lasso,34.733132617944385,5.893482214951054,0.9276420444596443,0.01,0.01,0.1,0.01,0.31622776601683794,0.03162277660168379,1.0,0.8,off3,162,True,3
B_target_is_X1,1008,single_ridge,33.51915422040139,5.789572887562725,0.9301710704442163,0.01,0.01,0.1,0.01,0.1,0.1,0.31622776601683794,1.0,off3,162,True,3
B_target_is_X1,1008,transfer_ridge,21.528894827870502,4.639924011001743,0.955149832526674,0.01,0.01,0.1,0.01,0.1,0.1,0.31622776601683794,1.0,off3,162,True,3
B_target_is_X1,1008,transfer_ridge_ada,21.528894827870502,4.639924011001743,0.955149832526674,0.01,0.01,0.1,0.01,0.1,0.1,0.31622776601683794,1.0,off3,162,True,3
B_target_is_X1,1008,pooled_ridge,27.140951108949952,5.209697794397479,0.9434584909093466,0.01,0.01,0.1,0.01,0.1,0.1,0.31622776601683794,1.0,off3,162,True,3
B_target_is_X1,1008,single_lasso,51.263798731676495,7.159874212000969,0.8932044595499569,0.01,0.01,0.1,0.01,0.1,0.1,0.31622776601683794,1.0,off3,162,True,3
B_target_is_X1,1008,transfer_lasso,43.02324651492411,6.559210814947489,0.9103716272076099,0.01,0.01,0.1,0.01,0.1,0.1,0.31622776601683794,1.0,off3,162,True,3
B_target_is_X1,1009,single_ridge,44.78815064647594,6.692394985838473,0.9066948826971581,0.01,0.01,0.1,0.01,0.01,0.03162277660168379,0.1,0.8,off3,162,True,3
B_target_is_X1,1009,transfer_ridge,21.26629964258205,4.61153983421829,0.9556968851335096,0.01,0.01,0.1,0.01,0.01,0.03162277660168379,0.1,0.8,off3,162,True,3
B_target_is_X1,1009,transfer_ridge_ada,22.448747238087563,4.738010894678015,0.9532335458348198,0.01,0.01,0.1,0.01,0.01,0.03162277660168379,0.1,0.8,off3,162,True,3
B_target_is_X1,1009,pooled_ridge,27.17645589871959,5.2131042478277365,0.9433845253955567,0.01,0.01,0.1,0.01,0.01,0.03162277660168379,0.1,0.8,off3,162,True,3
B_target_is_X1,1009,single_lasso,48.21371773187044,6.9436098487652975,0.8995585545809484,0.01,0.01,0.1,0.01,0.01,0.03162277660168379,0.1,0.8,off3,162,True,3
B_target_is_X1,1009,transfer_lasso,26.34522237082822,5.132759722686054,0.945116196400197,0.01,0.01,0.1,0.01,0.01,0.03162277660168379,0.1,0.8,off3,162,True,3
B_target_is_X1,1010,single_ridge,26.80014594940499,5.176885738492302,0.9441684747986069,0.01,0.01,0.1,0.01,0.1,0.1,0.31622776601683794,1.0,off3,162,True,3
B_target_is_X1,1010,transfer_ridge,21.117455105487416,4.595373228094473,0.9560069661882761,0.01,0.01,0.1,0.01,0.1,0.1,0.31622776601683794,1.0,off3,162,True,3
B_target_is_X1,1010,transfer_ridge_ada,21.117455105487416,4.595373228094473,0.9560069661882761,0.01,0.01,0.1,0.01,0.1,0.1,0.31622776601683794,1.0,off3,162,True,3
B_target_is_X1,1010,pooled_ridge,27.808028460056917,5.273331817746435,0.9420687990020743,0.01,0.01,0.1,0.01,0.1,0.1,0.31622776601683794,1.0,off3,162,True,3
B_target_is_X1,1010,single_lasso,49.60195377658598,7.042865452114358,0.8966665055651579,0.01,0.01,0.1,0.01,0.1,0.1,0.31622776601683794,1.0,off3,162,True,3
B_target_is_X1,1010,transfer_lasso,32.0729914013874,5.663302164054766,0.9331837956744269,0.01,0.01,0.1,0.01,0.1,0.1,0.31622776601683794,1.0,off3,162,True,3
B_target_is_X1,1011,single_ridge,34.01814567765113,5.83250766631739,0.9291315442351683,0.01,0.001,0.1,0.01,0.03162277660168379,0.1,0.1,0.9,off3,162,True,3
B_target_is_X1,1011,transfer_ridge,23.06823569539173,4.80294031770037,0.9519429937056916,0.01,0.001,0.1,0.01,0.03162277660168379,0.1,0.1,0.9,off3,162,True,3
B_target_is_X1,1011,transfer_ridge_ada,22.924851266448282,4.787990316035349,0.9522416999654693,0.01,0.001,0.1,0.01,0.03162277660168379,0.1,0.1,0.9,off3,162,True,3
B_target_is_X1,1011,pooled_ridge,26.0399828703613,5.102938650460271,0.9457520879694052,0.01,0.001,0.1,0.01,0.03162277660168379,0.1,0.1,0.9,off3,162,True,3
B_target_is_X1,1011,single_lasso,35.30872349817695,5.942114396254666,0.9264429421563932,0.01,0.001,0.1,0.01,0.03162277660168379,0.1,0.1,0.9,off3,162,True,3
B_target_is_X1,1011,transfer_lasso,31.53141982235447,5.615284482762602,0.9343120271146667,0.01,0.001,0.1,0.01,0.03162277660168379,0.1,0.1,0.9,off3,162,True,3
B_target_is_X1,1012,single_ridge,26.111883006023,5.109978767668512,0.9456023016867574,0.01,0.01,0.1,0.01,0.1,0.03162277660168379,0.31622776601683794,1.0,off3,162,True,3
B_target_is_X1,1012,transfer_ridge,22.452742017009605,4.738432443014209,0.9532252236935717,0.01,0.01,0.1,0.01,0.1,0.03162277660168379,0.31622776601683794,1.0,off3,162,True,3
B_target_is_X1,1012,transfer_ridge_ada,22.452742017009605,4.738432443014209,0.9532252236935717,0.01,0.01,0.1,0.01,0.1,0.03162277660168379,0.31622776601683794,1.0,off3,162,True,3
B_target_is_X1,1012,pooled_ridge,24.989053113709822,4.99890519151042,0.947941442135765,0.01,0.01,0.1,0.01,0.1,0.03162277660168379,0.31622776601683794,1.0,off3,162,True,3
B_target_is_X1,1012,single_lasso,60.26370872828344,7.762970354721409,0.8744553563646816,0.01,0.01,0.1,0.01,0.1,0.03162277660168379,0.31622776601683794,1.0,off3,162,True,3
B_target_is_X1,1012,transfer_lasso,31.403300872565037,5.603864815693276,0.9345789314959879,0.01,0.01,0.1,0.01,0.1,0.03162277660168379,0.31622776601683794,1.0,off3,162,True,3
B_target_is_X1,1013,single_ridge,30.0204118566556,5.479088597262833,0.9374598412898464,0.01,0.01,0.03162277660168379,0.01,0.1,0.1,0.31622776601683794,1.0,off3,162,True,3
B_target_is_X1,1013,transfer_ridge,21.890748946372312,4.678755063729273,0.9543959982985134,0.01,0.01,0.03162277660168379,0.01,0.1,0.1,0.31622776601683794,1.0,off3,162,True,3
B_target_is_X1,1013,transfer_ridge_ada,21.890748946372312,4.678755063729273,0.9543959982985134,0.01,0.01,0.03162277660168379,0.01,0.1,0.1,0.31622776601683794,1.0,off3,162,True,3
B_target_is_X1,1013,pooled_ridge,27.214438921557832,5.216746008917612,0.9433053970915235,0.01,0.01,0.03162277660168379,0.01,0.1,0.1,0.31622776601683794,1.0,off3,162,True,3
B_target_is_X1,1013,single_lasso,63.49052889077204,7.968094432847294,0.8677330686740675,0.01,0.01,0.03162277660168379,0.01,0.1,0.1,0.31622776601683794,1.0,off3,162,True,3
B_target_is_X1,1013,transfer_lasso,31.420645766224737,5.60541218522106,0.9345427976678623,0.01,0.01,0.03162277660168379,0.01,0.1,0.1,0.31622776601683794,1.0,off3,162,True,3
B_target_is_X1,1014,single_ridge,32.037672045659505,5.6601830399430995,0.9332573748819111,0.01,0.0031622776601683794,0.1,0.01,0.03162277660168379,0.03162277660168379,0.31622776601683794,0.8,off3,162,True,3
B_target_is_X1,1014,transfer_ridge,22.30996098114645,4.72334214102117,0.9535226729319871,0.01,0.0031622776601683794,0.1,0.01,0.03162277660168379,0.03162277660168379,0.31622776601683794,0.8,off3,162,True,3
B_target_is_X1,1014,transfer_ridge_ada,21.491093362453302,4.635848720833468,0.955228582600389,0.01,0.0031622776601683794,0.1,0.01,0.03162277660168379,0.03162277660168379,0.31622776601683794,0.8,off3,162,True,3
B_target_is_X1,1014,pooled_ridge,29.244168312162067,5.407787746589364,0.9390769541629862,0.01,0.0031622776601683794,0.1,0.01,0.03162277660168379,0.03162277660168379,0.31622776601683794,0.8,off3,162,True,3
B_target_is_X1,1014,single_lasso,37.283489830296155,6.106020785282028,0.92232900126791,0.01,0.0031622776601683794,0.1,0.01,0.03162277660168379,0.03162277660168379,0.31622776601683794,0.8,off3,162,True,3
B_target_is_X1,1014,transfer_lasso,28.06076388029345,5.297241157460499,0.941542286795355,0.01,0.0031622776601683794,0.1,0.01,0.03162277660168379,0.03162277660168379,0.31622776601683794,0.8,off3,162,True,3
B_target_is_X1,1015,single_ridge,27.478491081318033,5.241993044760555,0.9427553092360332,0.01,0.01,0.1,0.01,0.03162277660168379,0.03162277660168379,0.31622776601683794,1.0,off3,162,True,3
B_target_is_X1,1015,transfer_ridge,20.74763352157339,4.554957027412376,0.9567773986747743,0.01,0.01,0.1,0.01,0.03162277660168379,0.03162277660168379,0.31622776601683794,1.0,off3,162,True,3
B_target_is_X1,1015,transfer_ridge_ada,20.74763352157339,4.554957027412376,0.9567773986747743,0.01,0.01,0.1,0.01,0.03162277660168379,0.03162277660168379,0.31622776601683794,1.0,off3,162,True,3
B_target_is_X1,1015,pooled_ridge,23.88231974646168,4.886954035640368,0.9502470494261652,0.01,0.01,0.1,0.01,0.03162277660168379,0.03162277660168379,0.31622776601683794,1.0,off3,162,True,3
B_target_is_X1,1015,single_lasso,30.86650120047439,5.555762881951892,0.9356972218395184,0.01,0.01,0.1,0.01,0.03162277660168379,0.03162277660168379,0.31622776601683794,1.0,off3,162,True,3
B_target_is_X1,1015,transfer_lasso,32.76719466725189,5.72426367904658,0.9317375935826109,0.01,0.01,0.1,0.01,0.03162277660168379,0.03162277660168379,0.31622776601683794,1.0,off3,162,True,3
B_target_is_X1,1016,single_ridge,28.236623529754006,5.313814404902942,0.9411759263856281,0.01,0.01,0.1,0.01,0.03162277660168379,0.03162277660168379,0.1,1.0,off3,162,True,3
B_target_is_X1,1016,transfer_ridge,19.891172096104672,4.459952028453296,0.9585616258110874,0.01,0.01,0.1,0.01,0.03162277660168379,0.03162277660168379,0.1,1.0,off3,162,True,3
B_target_is_X1,1016,transfer_ridge_ada,19.891172096104672,4.459952028453296,0.9585616258110874,0.01,0.01,0.1,0.01,0.03162277660168379,0.03162277660168379,0.1,1.0,off3,162,True,3
B_target_is_X1,1016,pooled_ridge,27.017026181115895,5.1977905095449835,0.94371665807547,0.01,0.01,0.1,0.01,0.03162277660168379,0.03162277660168379,0.1,1.0,off3,162,True,3
B_target_is_X1,1016,single_lasso,29.596149463368782,5.440234320630756,0.9383436878385747,0.01,0.01,0.1,0.01,0.03162277660168379,0.03162277660168379,0.1,1.0,off3,162,True,3
B_target_is_X1,1016,transfer_lasso,30.152498954894067,5.491129114753546,0.9371846702453304,0.01,0.01,0.1,0.01,0.03162277660168379,0.03162277660168379,0.1,1.0,off3,162,True,3
B_target_is_X1,1017,single_ridge,26.72365018632673,5.169492256143414,0.9443278349428451,0.01,0.0031622776601683794,0.1,0.01,0.03162277660168379,0.03162277660168379,0.31622776601683794,1.0,off3,162,True,3
B_target_is_X1,1017,transfer_ridge,21.881132101371897,4.6777272367434914,0.9544160326343342,0.01,0.0031622776601683794,0.1,0.01,0.03162277660168379,0.03162277660168379,0.31622776601683794,1.0,off3,162,True,3
B_target_is_X1,1017,transfer_ridge_ada,21.881132101371897,4.6777272367434914,0.9544160326343342,0.01,0.0031622776601683794,0.1,0.01,0.03162277660168379,0.03162277660168379,0.31622776601683794,1.0,off3,162,True,3
B_target_is_X1,1017,pooled_ridge,26.8328773627962,5.180046077285047,0.9441002869336945,0.01,0.0031622776601683794,0.1,0.01,0.03162277660168379,0.03162277660168379,0.31622776601683794,1.0,off3,162,True,3
B_target_is_X1,1017,single_lasso,35.46272710764676,5.955058950812053,0.926122113440779,0.01,0.0031622776601683794,0.1,0.01,0.03162277660168379,0.03162277660168379,0.31622776601683794,1.0,off3,162,True,3
B_target_is_X1,1017,transfer_lasso,38.24702593997376,6.18441799525014,0.9203217103116788,0.01,0.0031622776601683794,0.1,0.01,0.03162277660168379,0.03162277660168379,0.31622776601683794,1.0,off3,162,True,3
B_target_is_X1,1018,single_ridge,77.31938256070315,8.793144065731163,0.8389240467516971,0.03162277660168379,0.01,0.1,0.01,0.03162277660168379,0.03162277660168379,0.03162277660168379,1.0,off3,162,True,3
B_target_is_X1,1018,transfer_ridge,22.86580224513957,4.781819972054528,0.9523647141060467,0.03162277660168379,0.01,0.1,0.01,0.03162277660168379,0.03162277660168379,0.03162277660168379,1.0,off3,162,True,3
B_target_is_X1,1018,transfer_ridge_ada,22.86580224513957,4.781819972054528,0.9523647141060467,0.03162277660168379,0.01,0.1,0.01,0.03162277660168379,0.03162277660168379,0.03162277660168379,1.0,off3,162,True,3
B_target_is_X1,1018,pooled_ridge,24.55896399196008,4.955700151538638,0.948837427242904,0.03162277660168379,0.01,0.1,0.01,0.03162277660168379,0.03162277660168379,0.03162277660168379,1.0,off3,162,True,3
B_target_is_X1,1018,single_lasso,47.396017847634084,6.884476584870783,0.9012620315612643,0.03162277660168379,0.01,0.1,0.01,0.03162277660168379,0.03162277660168379,0.03162277660168379,1.0,off3,162,True,3
B_target_is_X1,1018,transfer_lasso,30.123176306231507,5.488458463560739,0.9372457567857121,0.03162277660168379,0.01,0.1,0.01,0.03162277660168379,0.03162277660168379,0.03162277660168379,1.0,off3,162,True,3
B_target_is_X1,1019,single_ridge,65.06893492426816,8.066531777924647,0.8644448471694706,0.03162277660168379,0.01,0.1,0.01,0.1,0.1,0.1,1.0,off3,162,True,3
B_target_is_X1,1019,transfer_ridge,23.52584398729965,4.850344728707398,0.950989679162918,0.03162277660168379,0.01,0.1,0.01,0.1,0.1,0.1,1.0,off3,162,True,3
B_target_is_X1,1019,transfer_ridge_ada,23.52584398729965,4.850344728707398,0.950989679162918,0.03162277660168379,0.01,0.1,0.01,0.1,0.1,0.1,1.0,off3,162,True,3
B_target_is_X1,1019,pooled_ridge,26.15994353887914,5.11467922150345,0.9455021793644233,0.03162277660168379,0.01,0.1,0.01,0.1,0.1,0.1,1.0,off3,162,True,3
B_target_is_X1,1019,single_lasso,55.39278470322577,7.442632914716792,0.8846027308593013,0.03162277660168379,0.01,0.1,0.01,0.1,0.1,0.1,1.0,off3,162,True,3
B_target_is_X1,1019,transfer_lasso,35.203789284994464,5.933278123010455,0.9266615468303695,0.03162277660168379,0.01,0.1,0.01,0.1,0.1,0.1,1.0,off3,162,True,3
A_target_is_X,1000,single_ridge,23.809728754981204,4.879521365357591,0.9503982749373205,0.0001,0.0001,0.0001,0.0001,0.0031622776601683794,0.01,0.1,0.7000000000000001,no_whiten,163,False,0
A_target_is_X,1000,transfer_ridge,22.3605154699018,4.72869067183526,0.9534173550647518,0.0001,0.0001,0.0001,0.0001,0.0031622776601683794,0.01,0.1,0.7000000000000001,no_whiten,163,False,0
A_target_is_X,1000,transfer_ridge_ada,22.686644761271324,4.763049943184653,0.9527379447442116,0.0001,0.0001,0.0001,0.0001,0.0031622776601683794,0.01,0.1,0.7000000000000001,no_whiten,163,False,0
A_target_is_X,1000,pooled_ridge,33.19159436675782,5.761214660708089,0.9308534609900809,0.0001,0.0001,0.0001,0.0001,0.0031622776601683794,0.01,0.1,0.7000000000000001,no_whiten,163,False,0
A_target_is_X,1000,single_lasso,23.148296252970653,4.811267634726907,0.9517762071871949,0.0001,0.0001,0.0001,0.0001,0.0031622776601683794,0.01,0.1,0.7000000000000001,no_whiten,163,False,0
A_target_is_X,1000,transfer_lasso,26.69341634440801,5.16656717215677,0.9443908197306969,0.0001,0.0001,0.0001,0.0001,0.0031622776601683794,0.01,0.1,0.7000000000000001,no_whiten,163,False,0
A_target_is_X,1001,single_ridge,27.979782969973265,5.289591947397574,0.9417109906428605,0.0001,0.0001,0.0001,0.0001,0.01,0.01,0.01,0.9,no_whiten,163,False,0
A_target_is_X,1001,transfer_ridge,23.048745297428717,4.8009108820544375,0.951983597165356,0.0001,0.0001,0.0001,0.0001,0.01,0.01,0.01,0.9,no_whiten,163,False,0
A_target_is_X,1001,transfer_ridge_ada,23.056361490965227,4.801704019508619,0.9519677306957415,0.0001,0.0001,0.0001,0.0001,0.01,0.01,0.01,0.9,no_whiten,163,False,0
A_target_is_X,1001,pooled_ridge,33.67920453793712,5.80337871743152,0.9298376448966892,0.0001,0.0001,0.0001,0.0001,0.01,0.01,0.01,0.9,no_whiten,163,False,0
A_target_is_X,1001,single_lasso,24.834060593992294,4.983378431746107,0.9482643310031232,0.0001,0.0001,0.0001,0.0001,0.01,0.01,0.01,0.9,no_whiten,163,False,0
A_target_is_X,1001,transfer_lasso,22.41210969491526,4.7341429736453104,0.9533098711622565,0.0001,0.0001,0.0001,0.0001,0.01,0.01,0.01,0.9,no_whiten,163,False,0
A_target_is_X,1002,single_ridge,30.936486486647166,5.562057756500481,0.9355514246757247,0.0001,0.00031622776601683794,0.0001,0.0001,0.0031622776601683794,0.01,0.001,1.0,no_whiten,163,False,0
A_target_is_X,1002,transfer_ridge,30.19402317206313,5.494908841105841,0.9370981647321992,0.0001,0.00031622776601683794,0.0001,0.0001,0.0031622776601683794,0.01,0.001,1.0,no_whiten,163,False,0
A_target_is_X,1002,transfer_ridge_ada,30.19402317206313,5.494908841105841,0.9370981647321992,0.0001,0.00031622776601683794,0.0001,0.0001,0.0031622776601683794,0.01,0.001,1.0,no_whiten,163,False,0
A_target_is_X,1002,pooled_ridge,33.628615806285666,5.799018520946943,0.9299430341005926,0.0001,0.00031622776601683794,0.0001,0.0001,0.0031622776601683794,0.01,0.001,1.0,no_whiten,163,False,0
A_target_is_X,1002,single_lasso,33.20708242764742,5.762558670213035,0.9308211954172176,0.0001,0.00031622776601683794,0.0001,0.0001,0.0031622776601683794,0.01,0.001,1.0,no_whiten,163,False,0
A_target_is_X,1002,transfer_lasso,33.84428834918274,5.817584408427844,0.9294937333006366,0.0001,0.00031622776601683794,0.0001,0.0001,0.0031622776601683794,0.01,0.001,1.0,no_whiten,163,False,0
A_target_is_X,1003,single_ridge,20.91391086434062,4.573172953687694,0.956431000648784,0.0001,0.0001,0.0001,0.0001,0.001,0.01,0.001,1.0,no_whiten,163,False,0
A_target_is_X,1003,transfer_ridge,20.825237272491687,4.563467680666939,0.9566157303098596,0.0001,0.0001,0.0001,0.0001,0.001,0.01,0.001,1.0,no_whiten,163,False,0
A_target_is_X,1003,transfer_ridge_ada,20.825237272491687,4.563467680666939,0.9566157303098596,0.0001,0.0001,0.0001,0.0001,0.001,0.01,0.001,1.0,no_whiten,163,False,0
A_target_is_X,1003,pooled_ridge,33.81479101462525,5.8150486682937785,0.9295551837561986,0.0001,0.0001,0.0001,0.0001,0.001,0.01,0.001,1.0,no_whiten,163,False,0
A_target_is_X,1003,single_lasso,19.926024349866342,4.463857563796849,0.9584890196958858,0.0001,0.0001,0.0001,0.0001,0.001,0.01,0.001,1.0,no_whiten,163,False,0
A_target_is_X,1003,transfer_lasso,20.876371007958603,4.569066754596458,0.9565092057242938,0.0001,0.0001,0.0001,0.0001,0.001,0.01,0.001,1.0,no_whiten,163,False,0
A_target_is_X,1004,single_ridge,23.261621953207932,4.823030370338542,0.9515401209098773,0.0001,0.00031622776601683794,0.0001,0.0001,0.0031622776601683794,0.01,0.001,0.9,no_whiten,163,False,0
A_target_is_X,1004,transfer_ridge,24.60311428306939,4.9601526471540565,0.9487454509493655,0.0001,0.00031622776601683794,0.0001,0.0001,0.0031622776601683794,0.01,0.001,0.9,no_whiten,163,False,0
A_target_is_X,1004,transfer_ridge_ada,24.33703627336448,4.9332581802865825,0.949299759165911,0.0001,0.00031622776601683794,0.0001,0.0001,0.0031622776601683794,0.01,0.001,0.9,no_whiten,163,False,0
A_target_is_X,1004,pooled_ridge,35.0471957229519,5.920067205948924,0.9269877710763889,0.0001,0.00031622776601683794,0.0001,0.0001,0.0031622776601683794,0.01,0.001,0.9,no_whiten,163,False,0
A_target_is_X,1004,single_lasso,25.115467545665567,5.011533452513867,0.9476780886989262,0.0001,0.00031622776601683794,0.0001,0.0001,0.0031622776601683794,0.01,0.001,0.9,no_whiten,163,False,0
A_target_is_X,1004,transfer_lasso,21.056772836519997,4.588765938301931,0.9561333827994217,0.0001,0.00031622776601683794,0.0001,0.0001,0.0031622776601683794,0.01,0.001,0.9,no_whiten,163,False,0
A_target_is_X,1005,single_ridge,26.60264160763983,5.157774869809638,0.944579926611424,0.0001,0.00031622776601683794,0.0001,0.0001,0.0031622776601683794,0.001,0.01,1.0,no_whiten,163,False,0
A_target_is_X,1005,transfer_ridge,25.94517121333206,5.093640271292434,0.9459496047825154,0.0001,0.00031622776601683794,0.0001,0.0001,0.0031622776601683794,0.001,0.01,1.0,no_whiten,163,False,0
A_target_is_X,1005,transfer_ridge_ada,25.94517121333206,5.093640271292434,0.9459496047825154,0.0001,0.00031622776601683794,0.0001,0.0001,0.0031622776601683794,0.001,0.01,1.0,no_whiten,163,False,0
A_target_is_X,1005,pooled_ridge,34.34983992434785,5.86087364855683,0.9284405406962858,0.0001,0.00031622776601683794,0.0001,0.0001,0.0031622776601683794,0.001,0.01,1.0,no_whiten,163,False,0
A_target_is_X,1005,single_lasso,29.887694320681486,5.466963903363684,0.9377363256966251,0.0001,0.00031622776601683794,0.0001,0.0001,0.0031622776601683794,0.001,0.01,1.0,no_whiten,163,False,0
A_target_is_X,1005,transfer_lasso,23.078204045684874,4.803977939758349,0.9519222270948806,0.0001,0.00031622776601683794,0.0001,0.0001,0.0031622776601683794,0.001,0.01,1.0,no_whiten,163,False,0
A_target_is_X,1006,single_ridge,26.30362566113287,5.128706041598882,0.9452028529337112,0.0001,0.0001,0.0001,0.0001,0.0031622776601683794,0.01,0.001,1.0,no_whiten,163,False,0
A_target_is_X,1006,transfer_ridge,22.67556260817829,4.761886454775911,0.9527610316897405,0.0001,0.0001,0.0001,0.0001,0.0031622776601683794,0.01,0.001,1.0,no_whiten,163,False,0
A_target_is_X,1006,transfer_ridge_ada,22.67556260817829,4.761886454775911,0.9527610316897405,0.0001,0.0001,0.0001,0.0001,0.0031622776601683794,0.01,0.001,1.0,no_whiten,163,False,0
A_target_is_X,1006,pooled_ridge,34.175343272893784,5.845968121097974,0.9288040616342542,0.0001,0.0001,0.0001,0.0001,0.0031622776601683794,0.01,0.001,1.0,no_whiten,163,False,0
A_target_is_X,1006,single_lasso,25.580102558194532,5.057677585433312,0.946710135708654,0.0001,0.0001,0.0001,0.0001,0.0031622776601683794,0.01,0.001,1.0,no_whiten,163,False,0
A_target_is_X,1006,transfer_lasso,22.937421201308315,4.78930278864349,0.9522155135918486,0.0001,0.0001,0.0001,0.0001,0.0031622776601683794,0.01,0.001,1.0,no_whiten,163,False,0
A_target_is_X,1007,single_ridge,24.480398499846928,4.947767021581243,0.9490010991595106,0.0001,0.0001,0.0001,0.0001,0.01,0.01,0.01,0.7000000000000001,no_whiten,163,False,0
A_target_is_X,1007,transfer_ridge,24.4012049845747,4.939757583583905,0.9491660794082023,0.0001,0.0001,0.0001,0.0001,0.01,0.01,0.01,0.7000000000000001,no_whiten,163,False,0
A_target_is_X,1007,transfer_ridge_ada,23.21677722261815,4.818379107398893,0.9516335438976028,0.0001,0.0001,0.0001,0.0001,0.01,0.01,0.01,0.7000000000000001,no_whiten,163,False,0
A_target_is_X,1007,pooled_ridge,34.043139047244274,5.834649865008549,0.9290794766849788,0.0001,0.0001,0.0001,0.0001,0.01,0.01,0.01,0.7000000000000001,no_whiten,163,False,0
A_target_is_X,1007,single_lasso,28.774386856220776,5.364176251412772,0.9400556285047622,0.0001,0.0001,0.0001,0.0001,0.01,0.01,0.01,0.7000000000000001,no_whiten,163,False,0
A_target_is_X,1007,transfer_lasso,22.750219020109466,4.7697189665754385,0.9526055033820943,0.0001,0.0001,0.0001,0.0001,0.01,0.01,0.01,0.7000000000000001,no_whiten,163,False,0
A_target_is_X,1008,single_ridge,27.384016527301984,5.232973965853641,0.9429521237777673,0.0001,0.0001,0.0001,0.0001,0.01,0.01,0.01,1.0,no_whiten,163,False,0
A_target_is_X,1008,transfer_ridge,23.347402726914606,4.831915016524463,0.9513614177252737,0.0001,0.0001,0.0001,0.0001,0.01,0.01,0.01,1.0,no_whiten,163,False,0
A_target_is_X,1008,transfer_ridge_ada,23.347402726914606,4.831915016524463,0.9513614177252737,0.0001,0.0001,0.0001,0.0001,0.01,0.01,0.01,1.0,no_whiten,163,False,0
A_target_is_X,1008,pooled_ridge,32.39030091236648,5.691247746528566,0.9325227592012556,0.0001,0.0001,0.0001,0.0001,0.01,0.01,0.01,1.0,no_whiten,163,False,0
A_target_is_X,1008,single_lasso,26.124702252749916,5.1112329483941465,0.9455755959330632,0.0001,0.0001,0.0001,0.0001,0.01,0.01,0.01,1.0,no_whiten,163,False,0
A_target_is_X,1008,transfer_lasso,24.952579158238898,4.995255664952385,0.9480174266683834,0.0001,0.0001,0.0001,0.0001,0.01,0.01,0.01,1.0,no_whiten,163,False,0
A_target_is_X,1009,single_ridge,25.0247721767928,5.002476604322383,0.9478670302361264,0.0001,0.0001,0.0001,0.0001,0.001,0.01,0.001,0.7000000000000001,no_whiten,163,False,0
A_target_is_X,1009,transfer_ridge,20.120118186903255,4.485545472615706,0.9580846728324613,0.0001,0.0001,0.0001,0.0001,0.001,0.01,0.001,0.7000000000000001,no_whiten,163,False,0
A_target_is_X,1009,transfer_ridge_ada,20.22079841987036,4.4967542094126465,0.9578749302819992,0.0001,0.0001,0.0001,0.0001,0.001,0.01,0.001,0.7000000000000001,no_whiten,163,False,0
A_target_is_X,1009,pooled_ridge,33.952457917942226,5.826873768835414,0.9292683885575288,0.0001,0.0001,0.0001,0.0001,0.001,0.01,0.001,0.7000000000000001,no_whiten,163,False,0
A_target_is_X,1009,single_lasso,24.910056885242952,4.9909975841752265,0.9481060113858277,0.0001,0.0001,0.0001,0.0001,0.001,0.01,0.001,0.7000000000000001,no_whiten,163,False,0
A_target_is_X,1009,transfer_lasso,20.157207404295427,4.489677873110211,0.9580074065526641,0.0001,0.0001,0.0001,0.0001,0.001,0.01,0.001,0.7000000000000001,no_whiten,163,False,0
A_target_is_X,1010,single_ridge,24.771423862130288,4.977089898939971,0.9483948192579293,0.0001,0.0001,0.0001,0.0001,0.01,0.01,0.03162277660168379,0.7000000000000001,no_whiten,163,False,0
A_target_is_X,1010,transfer_ridge,23.14991593777868,4.811435953826953,0.9517728329714966,0.0001,0.0001,0.0001,0.0001,0.01,0.01,0.03162277660168379,0.7000000000000001,no_whiten,163,False,0
A_target_is_X,1010,transfer_ridge_ada,23.17178773761512,4.813708314554915,0.9517272684456141,0.0001,0.0001,0.0001,0.0001,0.01,0.01,0.03162277660168379,0.7000000000000001,no_whiten,163,False,0
A_target_is_X,1010,pooled_ridge,33.355443380614396,5.775417160743836,0.9305121217912711,0.0001,0.0001,0.0001,0.0001,0.01,0.01,0.03162277660168379,0.7000000000000001,no_whiten,163,False,0
A_target_is_X,1010,single_lasso,23.387269906372804,4.83603865848618,0.9512783642434445,0.0001,0.0001,0.0001,0.0001,0.01,0.01,0.03162277660168379,0.7000000000000001,no_whiten,163,False,0
A_target_is_X,1010,transfer_lasso,24.67866293087402,4.967762366586592,0.9485880638873024,0.0001,0.0001,0.0001,0.0001,0.01,0.01,0.03162277660168379,0.7000000000000001,no_whiten,163,False,0
A_target_is_X,1011,single_ridge,22.947988158196402,4.790405844831563,0.9521934999311428,0.0001,0.0001,0.0001,0.0001,0.0031622776601683794,0.01,0.001,0.9,no_whiten,163,False,0
A_target_is_X,1011,transfer_ridge,21.656915327817355,4.653699101555381,0.9548831332414324,0.0001,0.0001,0.0001,0.0001,0.0031622776601683794,0.01,0.001,0.9,no_whiten,163,False,0
A_target_is_X,1011,transfer_ridge_ada,21.594208814063826,4.646956941274992,0.9550137668696794,0.0001,0.0001,0.0001,0.0001,0.0031622776601683794,0.01,0.001,0.9,no_whiten,163,False,0
A_target_is_X,1011,pooled_ridge,33.01295019111844,5.745689705432973,0.9312256222765576,0.0001,0.0001,0.0001,0.0001,0.0031622776601683794,0.01,0.001,0.9,no_whiten,163,False,0
A_target_is_X,1011,single_lasso,21.006097022269646,4.583240886345561,0.956238953418543,0.0001,0.0001,0.0001,0.0001,0.0031622776601683794,0.01,0.001,0.9,no_whiten,163,False,0
A_target_is_X,1011,transfer_lasso,20.4240207387737,4.5192942744164935,0.9574515664674603,0.0001,0.0001,0.0001,0.0001,0.0031622776601683794,0.01,0.001,0.9,no_whiten,163,False,0
A_target_is_X,1012,single_ridge,23.697171627594376,4.867974078360974,0.9506327600817731,0.0001,0.0001,0.0001,0.0001,0.01,0.01,0.1,0.2,no_whiten,163,False,0
A_target_is_X,1012,transfer_ridge,23.062319644453854,4.802324400168511,0.9519553183455519,0.0001,0.0001,0.0001,0.0001,0.01,0.01,0.1,0.2,no_whiten,163,False,0
A_target_is_X,1012,transfer_ridge_ada,23.544167579650754,4.852233256929304,0.9509515064563192,0.0001,0.0001,0.0001,0.0001,0.01,0.01,0.1,0.2,no_whiten,163,False,0
A_target_is_X,1012,pooled_ridge,33.15432485163341,5.7579792333450985,0.9309311028759438,0.0001,0.0001,0.0001,0.0001,0.01,0.01,0.1,0.2,no_whiten,163,False,0
A_target_is_X,1012,single_lasso,22.278873662562546,4.720050175852217,0.9535874357289599,0.0001,0.0001,0.0001,0.0001,0.01,0.01,0.1,0.2,no_whiten,163,False,0
A_target_is_X,1012,transfer_lasso,25.252013454789832,5.025138152806332,0.9473936288164759,0.0001,0.0001,0.0001,0.0001,0.01,0.01,0.1,0.2,no_whiten,163,False,0
A_target_is_X,1013,single_ridge,25.10727220302617,5.010715737599387,0.9476951616835275,0.0001,0.0001,0.0001,0.0001,0.01,0.001,0.1,1.0,no_whiten,163,False,0
A_target_is_X,1013,transfer_ridge,23.2796723364924,4.824901277383031,0.9515025173673016,0.0001,0.0001,0.0001,0.0001,0.01,0.001,0.1,1.0,no_whiten,163,False,0
A_target_is_X,1013,transfer_ridge_ada,23.2796723364924,4.824901277383031,0.9515025173673016,0.0001,0.0001,0.0001,0.0001,0.01,0.001,0.1,1.0,no_whiten,163,False,0
A_target_is_X,1013,pooled_ridge,33.47166368004437,5.785470048323159,0.9302700053271,0.0001,0.0001,0.0001,0.0001,0.01,0.001,0.1,1.0,no_whiten,163,False,0
A_target_is_X,1013,single_lasso,23.46180977421184,4.843739234745389,0.9511230787268051,0.0001,0.0001,0.0001,0.0001,0.01,0.001,0.1,1.0,no_whiten,163,False,0
A_target_is_X,1013,transfer_lasso,24.091756452657577,4.908335405476849,0.9498107394612065,0.0001,0.0001,0.0001,0.0001,0.01,0.001,0.1,1.0,no_whiten,163,False,0
A_target_is_X,1014,single_ridge,22.952823297913298,4.790910487361802,0.9521834271044699,0.0001,0.0001,0.01,0.0001,0.01,0.01,0.1,0.7000000000000001,no_whiten,163,False,0
A_target_is_X,1014,transfer_ridge,26.637990703387853,5.161200509899596,0.9445062854479084,0.0001,0.0001,0.01,0.0001,0.01,0.01,0.1,0.7000000000000001,no_whiten,163,False,0
A_target_is_X,1014,transfer_ridge_ada,25.01967580403958,5.001967193418963,0.9478776472777032,0.0001,0.0001,0.01,0.0001,0.01,0.01,0.1,0.7000000000000001,no_whiten,163,False,0
A_target_is_X,1014,pooled_ridge,32.82920929779867,5.729677940146258,0.931608401323182,0.0001,0.0001,0.01,0.0001,0.01,0.01,0.1,0.7000000000000001,no_whiten,163,False,0
A_target_is_X,1014,single_lasso,24.04364814471503,4.903432282056624,0.9499109613112054,0.0001,0.0001,0.01,0.0001,0.01,0.01,0.1,0.7000000000000001,no_whiten,163,False,0
A_target_is_X,1014,transfer_lasso,28.252714624544303,5.3153282706286635,0.941142404539665,0.0001,0.0001,0.01,0.0001,0.01,0.01,0.1,0.7000000000000001,no_whiten,163,False,0
A_target_is_X,1015,single_ridge,23.372684616373647,4.834530444249332,0.9513087491147693,0.0001,0.0001,0.0001,0.0001,0.0031622776601683794,0.01,0.0031622776601683794,1.0,no_whiten,163,False,0
A_target_is_X,1015,transfer_ridge,22.614771885139504,4.755499120506649,0.9528876742383205,0.0001,0.0001,0.0001,0.0001,0.0031622776601683794,0.01,0.0031622776601683794,1.0,no_whiten,163,False,0
A_target_is_X,1015,transfer_ridge_ada,22.614771885139504,4.755499120506649,0.9528876742383205,0.0001,0.0001,0.0001,0.0001,0.0031622776601683794,0.01,0.0031622776601683794,1.0,no_whiten,163,False,0
A_target_is_X,1015,pooled_ridge,32.774989122269915,5.724944464557706,0.9317213557489591,0.0001,0.0001,0.0001,0.0001,0.0031622776601683794,0.01,0.0031622776601683794,1.0,no_whiten,163,False,0
A_target_is_X,1015,single_lasso,23.569664151911176,4.85485984884334,0.9508983906068983,0.0001,0.0001,0.0001,0.0001,0.0031622776601683794,0.01,0.0031622776601683794,1.0,no_whiten,163,False,0
A_target_is_X,1015,transfer_lasso,23.036061585892714,4.79958973099709,0.9520100205647511,0.0001,0.0001,0.0001,0.0001,0.0031622776601683794,0.01,0.0031622776601683794,1.0,no_whiten,163,False,0
A_target_is_X,1016,single_ridge,25.509124863359617,5.05065588447279,0.9468580003122794,0.0001,0.0001,0.0001,0.0001,0.01,0.01,0.01,1.0,no_whiten,163,False,0
A_target_is_X,1016,transfer_ridge,22.41767677967516,4.734730908898114,0.953298273507764,0.0001,0.0001,0.0001,0.0001,0.01,0.01,0.01,1.0,no_whiten,163,False,0
A_target_is_X,1016,transfer_ridge_ada,22.41767677967516,4.734730908898114,0.953298273507764,0.0001,0.0001,0.0001,0.0001,0.01,0.01,0.01,1.0,no_whiten,163,False,0
A_target_is_X,1016,pooled_ridge,33.711333585534376,5.806146190506606,0.9297707119130402,0.0001,0.0001,0.0001,0.0001,0.01,0.01,0.01,1.0,no_whiten,163,False,0
A_target_is_X,1016,single_lasso,25.59868810011374,5.0595146111177245,0.9466714172944333,0.0001,0.0001,0.0001,0.0001,0.01,0.01,0.01,1.0,no_whiten,163,False,0
A_target_is_X,1016,transfer_lasso,24.055437282396856,4.904634265915947,0.949886401536836,0.0001,0.0001,0.0001,0.0001,0.01,0.01,0.01,1.0,no_whiten,163,False,0
A_target_is_X,1017,single_ridge,22.618471831849302,4.755888122301585,0.9528799663076114,0.0001,0.0001,0.0001,0.0001,0.0031622776601683794,0.01,0.01,1.0,no_whiten,163,False,0
A_target_is_X,1017,transfer_ridge,22.278775055543058,4.720039730292856,0.953587641152479,0.0001,0.0001,0.0001,0.0001,0.0031622776601683794,0.01,0.01,1.0,no_whiten,163,False,0
A_target_is_X,1017,transfer_ridge_ada,22.278775055543058,4.720039730292856,0.953587641152479,0.0001,0.0001,0.0001,0.0001,0.0031622776601683794,0.01,0.01,1.0,no_whiten,163,False,0
A_target_is_X,1017,pooled_ridge,34.57675017302024,5.880199841248615,0.9279678288949724,0.0001,0.0001,0.0001,0.0001,0.0031622776601683794,0.01,0.01,1.0,no_whiten,163,False,0
A_target_is_X,1017,single_lasso,21.60115641797006,4.6477044245487535,0.9549992932424345,0.0001,0.0001,0.0001,0.0001,0.0031622776601683794,0.01,0.01,1.0,no_whiten,163,False,0
A_target_is_X,1017,transfer_lasso,22.945089515636408,4.790103288618775,0.9521995385413594,0.0001,0.0001,0.0001,0.0001,0.0031622776601683794,0.01,0.01,1.0,no_whiten,163,False,0
A_target_is_X,1018,single_ridge,25.931308794411336,5.092279331930971,0.9459784837293982,0.0001,0.0001,0.01,0.0001,0.001,0.01,0.01,0.8,no_whiten,163,False,0
A_target_is_X,1018,transfer_ridge,27.442971433503313,5.238603958451461,0.9428293057029128,0.0001,0.0001,0.01,0.0001,0.001,0.01,0.01,0.8,no_whiten,163,False,0
A_target_is_X,1018,transfer_ridge_ada,26.344167772149675,5.132656989527907,0.9451183933976613,0.0001,0.0001,0.01,0.0001,0.001,0.01,0.01,0.8,no_whiten,163,False,0
A_target_is_X,1018,pooled_ridge,34.02633493107398,5.833209659447703,0.9291144839359549,0.0001,0.0001,0.01,0.0001,0.001,0.01,0.01,0.8,no_whiten,163,False,0
A_target_is_X,1018,single_lasso,23.728449462913666,4.871185632155036,0.9505676003899501,0.0001,0.0001,0.01,0.0001,0.001,0.01,0.01,0.8,no_whiten,163,False,0
A_target_is_X,1018,transfer_lasso,22.988455772552705,4.794627803339139,0.9521091955905978,0.0001,0.0001,0.01,0.0001,0.001,0.01,0.01,0.8,no_whiten,163,False,0
A_target_is_X,1019,single_ridge,30.910640917374728,5.55973388907911,0.9356052675747486,0.0001,0.0001,0.0001,0.0001,0.01,0.0031622776601683794,0.01,1.0,no_whiten,163,False,0
A_target_is_X,1019,transfer_ridge,21.996183365117435,4.690008887530751,0.9541763515690375,0.0001,0.0001,0.0001,0.0001,0.01,0.0031622776601683794,0.01,1.0,no_whiten,163,False,0
A_target_is_X,1019,transfer_ridge_ada,21.996183365117435,4.690008887530751,0.9541763515690375,0.0001,0.0001,0.0001,0.0001,0.01,0.0031622776601683794,0.01,1.0,no_whiten,163,False,0
A_target_is_X,1019,pooled_ridge,32.92857763881685,5.73834276065981,0.931401391777553,0.0001,0.0001,0.0001,0.0001,0.01,0.0031622776601683794,0.01,1.0,no_whiten,163,False,0
A_target_is_X,1019,single_lasso,30.489875963396962,5.521763845312199,0.9364818280672258,0.0001,0.0001,0.0001,0.0001,0.01,0.0031622776601683794,0.01,1.0,no_whiten,163,False,0
A_target_is_X,1019,transfer_lasso,23.07388150252284,4.8035280266198965,0.9519312320524633,0.0001,0.0001,0.0001,0.0001,0.01,0.0031622776601683794,0.01,1.0,no_whiten,163,False,0
B_target_is_X1,1000,single_ridge,28.168093667899946,5.307362213746104,0.9413186915301305,0.0001,0.0001,0.03162277660168379,0.0001,0.01,0.0031622776601683794,0.03162277660168379,0.7000000000000001,no_whiten,163,False,0
B_target_is_X1,1000,transfer_ridge,28.046635998335937,5.295907476376068,0.9415717187693092,0.0001,0.0001,0.03162277660168379,0.0001,0.01,0.0031622776601683794,0.03162277660168379,0.7000000000000001,no_whiten,163,False,0
B_target_is_X1,1000,transfer_ridge_ada,27.58804958415148,5.252432730092931,0.9425270709897372,0.0001,0.0001,0.03162277660168379,0.0001,0.01,0.0031622776601683794,0.03162277660168379,0.7000000000000001,no_whiten,163,False,0
B_target_is_X1,1000,pooled_ridge,29.421436354968137,5.424153054161372,0.9387076597114555,0.0001,0.0001,0.03162277660168379,0.0001,0.01,0.0031622776601683794,0.03162277660168379,0.7000000000000001,no_whiten,163,False,0
B_target_is_X1,1000,single_lasso,26.920540681151724,5.188500812484443,0.943917661929441,0.0001,0.0001,0.03162277660168379,0.0001,0.01,0.0031622776601683794,0.03162277660168379,0.7000000000000001,no_whiten,163,False,0
B_target_is_X1,1000,transfer_lasso,28.45451984516897,5.3342778185213575,0.9407219929015214,0.0001,0.0001,0.03162277660168379,0.0001,0.01,0.0031622776601683794,0.03162277660168379,0.7000000000000001,no_whiten,163,False,0
B_target_is_X1,1001,single_ridge,36.86068960823853,6.071300487394652,0.9232098017418151,0.00031622776601683794,0.0001,0.01,0.0001,0.01,0.001,0.03162277660168379,1.0,no_whiten,163,False,0
B_target_is_X1,1001,transfer_ridge,26.183583510470424,5.116989692238047,0.9454529312867392,0.00031622776601683794,0.0001,0.01,0.0001,0.01,0.001,0.03162277660168379,1.0,no_whiten,163,False,0
B_target_is_X1,1001,transfer_ridge_ada,26.183583510470424,5.116989692238047,0.9454529312867392,0.00031622776601683794,0.0001,0.01,0.0001,0.01,0.001,0.03162277660168379,1.0,no_whiten,163,False,0
B_target_is_X1,1001,pooled_ridge,28.101166507211722,5.301053339404511,0.9414581178401841,0.00031622776601683794,0.0001,0.01,0.0001,0.01,0.001,0.03162277660168379,1.0,no_whiten,163,False,0
B_target_is_X1,1001,single_lasso,32.16471532967934,5.671394478404702,0.932992711386167,0.00031622776601683794,0.0001,0.01,0.0001,0.01,0.001,0.03162277660168379,1.0,no_whiten,163,False,0
B_target_is_X1,1001,transfer_lasso,24.12334864163257,4.911552569364658,0.9497449248907093,0.00031622776601683794,0.0001,0.01,0.0001,0.01,0.001,0.03162277660168379,1.0,no_whiten,163,False,0
B_target_is_X1,1002,single_ridge,41.70734190020773,6.45812216516595,0.9131129914448743,0.001,0.0001,0.0001,0.0001,0.01,0.01,0.0031622776601683794,1.0,no_whiten,163,False,0
B_target_is_X1,1002,transfer_ridge,26.53007689181347,5.150735568034285,0.9447310973837041,0.001,0.0001,0.0001,0.0001,0.01,0.01,0.0031622776601683794,1.0,no_whiten,163,False,0
B_target_is_X1,1002,transfer_ridge_ada,26.53007689181347,5.150735568034285,0.9447310973837041,0.001,0.0001,0.0001,0.0001,0.01,0.01,0.0031622776601683794,1.0,no_whiten,163,False,0
B_target_is_X1,1002,pooled_ridge,25.414775232496822,5.041306897273446,0.9470545546072897,0.001,0.0001,0.0001,0.0001,0.01,0.01,0.0031622776601683794,1.0,no_whiten,163,False,0
B_target_is_X1,1002,single_lasso,30.25353291577939,5.500321164784779,0.9369741907895835,0.001,0.0001,0.0001,0.0001,0.01,0.01,0.0031622776601683794,1.0,no_whiten,163,False,0
B_target_is_X1,1002,transfer_lasso,29.97843338770058,5.475256467755696,0.9375472931250641,0.001,0.0001,0.0001,0.0001,0.01,0.01,0.0031622776601683794,1.0,no_whiten,163,False,0
B_target_is_X1,1003,single_ridge,25.373091150608936,5.037170947129841,0.947141393159319,0.0001,0.0001,0.0001,0.0001,0.001,0.01,0.03162277660168379,1.0,no_whiten,163,False,0
B_target_is_X1,1003,transfer_ridge,25.727386731132654,5.072217141559759,0.9464033052895703,0.0001,0.0001,0.0001,0.0001,0.001,0.01,0.03162277660168379,1.0,no_whiten,163,False,0
B_target_is_X1,1003,transfer_ridge_ada,25.727386731132654,5.072217141559759,0.9464033052895703,0.0001,0.0001,0.0001,0.0001,0.001,0.01,0.03162277660168379,1.0,no_whiten,163,False,0
B_target_is_X1,1003,pooled_ridge,27.795471075859748,5.272141033381007,0.9420949592294697,0.0001,0.0001,0.0001,0.0001,0.001,0.01,0.03162277660168379,1.0,no_whiten,163,False,0
B_target_is_X1,1003,single_lasso,22.014468922640567,4.691957898643227,0.954138258098666,0.0001,0.0001,0.0001,0.0001,0.001,0.01,0.03162277660168379,1.0,no_whiten,163,False,0
B_target_is_X1,1003,transfer_lasso,25.304633319955652,5.030371091674614,0.9472840082444968,0.0001,0.0001,0.0001,0.0001,0.001,0.01,0.03162277660168379,1.0,no_whiten,163,False,0
B_target_is_X1,1004,single_ridge,27.98457718628123,5.290045102480812,0.9417010030700642,0.0001,0.0001,0.1,0.0001,0.001,0.01,0.001,1.0,no_whiten,163,False,0
B_target_is_X1,1004,transfer_ridge,24.486023691820357,4.948335446573965,0.9489893804529027,0.0001,0.0001,0.1,0.0001,0.001,0.01,0.001,1.0,no_whiten,163,False,0
B_target_is_X1,1004,transfer_ridge_ada,24.486023691820357,4.948335446573965,0.9489893804529027,0.0001,0.0001,0.1,0.0001,0.001,0.01,0.001,1.0,no_whiten,163,False,0
B_target_is_X1,1004,pooled_ridge,24.86433490126984,4.9864150349995775,0.9482012619156297,0.0001,0.0001,0.1,0.0001,0.001,0.01,0.001,1.0,no_whiten,163,False,0
B_target_is_X1,1004,single_lasso,22.811657867865588,4.7761551344010575,0.9524775106247669,0.0001,0.0001,0.1,0.0001,0.001,0.01,0.001,1.0,no_whiten,163,False,0
B_target_is_X1,1004,transfer_lasso,23.14416269531614,4.810838045010052,0.9517848184398647,0.0001,0.0001,0.1,0.0001,0.001,0.01,0.001,1.0,no_whiten,163,False,0
B_target_is_X1,1005,single_ridge,32.286072531044724,5.682083467447898,0.9327398934478172,0.0001,0.0001,0.01,0.0001,0.01,0.0031622776601683794,0.01,1.0,no_whiten,163,False,0
B_target_is_X1,1005,transfer_ridge,27.749832058178548,5.267810936069987,0.9421900369193691,0.0001,0.0001,0.01,0.0001,0.01,0.0031622776601683794,0.01,1.0,no_whiten,163,False,0
B_target_is_X1,1005,transfer_ridge_ada,27.749832058178548,5.267810936069987,0.9421900369193691,0.0001,0.0001,0.01,0.0001,0.01,0.0031622776601683794,0.01,1.0,no_whiten,163,False,0
B_target_is_X1,1005,pooled_ridge,28.93434448721929,5.379065391610265,0.9397223960468828,0.0001,0.0001,0.01,0.0001,0.01,0.0031622776601683794,0.01,1.0,no_whiten,163,False,0
B_target_is_X1,1005,single_lasso,32.10263260744158,5.665918514013556,0.933122045497919,0.0001,0.0001,0.01,0.0001,0.01,0.0031622776601683794,0.01,1.0,no_whiten,163,False,0
B_target_is_X1,1005,transfer_lasso,29.410404504676297,5.423136039661581,0.9387306418634465,0.0001,0.0001,0.01,0.0001,0.01,0.0031622776601683794,0.01,1.0,no_whiten,163,False,0
B_target_is_X1,1006,single_ridge,27.3701511945043,5.231648993816797,0.9429810087949975,0.0001,0.0001,0.01,0.0001,0.0031622776601683794,0.01,0.0031622776601683794,0.7000000000000001,no_whiten,163,False,0
B_target_is_X1,1006,transfer_ridge,26.577217118597037,5.155309604533663,0.944632892293156,0.0001,0.0001,0.01,0.0001,0.0031622776601683794,0.01,0.0031622776601683794,0.7000000000000001,no_whiten,163,False,0
B_target_is_X1,1006,transfer_ridge_ada,25.81421000793241,5.080768643417294,0.9462224303056853,0.0001,0.0001,0.01,0.0001,0.0031622776601683794,0.01,0.0031622776601683794,0.7000000000000001,no_whiten,163,False,0
B_target_is_X1,1006,pooled_ridge,28.75669031044612,5.3625264857570745,0.9400924949137459,0.0001,0.0001,0.01,0.0001,0.0031622776601683794,0.01,0.0031622776601683794,0.7000000000000001,no_whiten,163,False,0
B_target_is_X1,1006,single_lasso,26.843478973918636,5.1810692886622,0.9440782010793983,0.0001,0.0001,0.01,0.0001,0.0031622776601683794,0.01,0.0031622776601683794,0.7000000000000001,no_whiten,163,False,0
B_target_is_X1,1006,transfer_lasso,24.64562366027787,4.964435885403081,0.9486568930971286,0.0001,0.0001,0.01,0.0001,0.0031622776601683794,0.01,0.0031622776601683794,0.7000000000000001,no_whiten,163,False,0
B_target_is_X1,1007,single_ridge,26.047149695172763,5.103640827406721,0.9457371576492185,0.00031622776601683794,0.0001,0.1,0.0001,0.01,0.0031622776601683794,0.03162277660168379,1.0,no_whiten,163,False,0
B_target_is_X1,1007,transfer_ridge,27.451833607383143,5.239449742805359,0.9428108435391155,0.00031622776601683794,0.0001,0.1,0.0001,0.01,0.0031622776601683794,0.03162277660168379,1.0,no_whiten,163,False,0
B_target_is_X1,1007,transfer_ridge_ada,27.451833607383143,5.239449742805359,0.9428108435391155,0.00031622776601683794,0.0001,0.1,0.0001,0.01,0.0031622776601683794,0.03162277660168379,1.0,no_whiten,163,False,0
B_target_is_X1,1007,pooled_ridge,25.370444604968124,5.036908238688504,0.9471469065874891,0.00031622776601683794,0.0001,0.1,0.0001,0.01,0.0031622776601683794,0.03162277660168379,1.0,no_whiten,163,False,0
B_target_is_X1,1007,single_lasso,24.969253971074124,4.9969244512073745,0.9479826887891646,0.00031622776601683794,0.0001,0.1,0.0001,0.01,0.0031622776601683794,0.03162277660168379,1.0,no_whiten,163,False,0
B_target_is_X1,1007,transfer_lasso,24.959456104724072,4.995943965330683,0.9480031002385304,0.00031622776601683794,0.0001,0.1,0.0001,0.01,0.0031622776601683794,0.03162277660168379,1.0,no_whiten,163,False,0
B_target_is_X1,1008,single_ridge,29.18768217733622,5.402562556540759,0.9391946291587124,0.0001,0.0001,0.03162277660168379,0.0001,0.01,0.01,0.1,0.8,no_whiten,163,False,0
B_target_is_X1,1008,transfer_ridge,30.077975375749226,5.4843391010904154,0.9373399218284739,0.0001,0.0001,0.03162277660168379,0.0001,0.01,0.01,0.1,0.8,no_whiten,163,False,0
B_target_is_X1,1008,transfer_ridge_ada,28.952269345816106,5.3807313021387815,0.9396850540041801,0.0001,0.0001,0.03162277660168379,0.0001,0.01,0.01,0.1,0.8,no_whiten,163,False,0
B_target_is_X1,1008,pooled_ridge,30.197728975957748,5.495246034160595,0.9370904445994834,0.0001,0.0001,0.03162277660168379,0.0001,0.01,0.01,0.1,0.8,no_whiten,163,False,0
B_target_is_X1,1008,single_lasso,27.21807366722702,5.217094370166886,0.943297824991177,0.0001,0.0001,0.03162277660168379,0.0001,0.01,0.01,0.1,0.8,no_whiten,163,False,0
B_target_is_X1,1008,transfer_lasso,25.415673379517457,5.04139597527485,0.9470526835384488,0.0001,0.0001,0.03162277660168379,0.0001,0.01,0.01,0.1,0.8,no_whiten,163,False,0
B_target_is_X1,1009,single_ridge,29.402513031150235,5.422408416114581,0.9387470818113437,0.00031622776601683794,0.0001,0.01,0.0001,0.0031622776601683794,0.01,0.03162277660168379,1.0,no_whiten,163,False,0
B_target_is_X1,1009,transfer_ridge,30.37670771149042,5.511506845817251,0.9367175863395967,0.00031622776601683794,0.0001,0.01,0.0001,0.0031622776601683794,0.01,0.03162277660168379,1.0,no_whiten,163,False,0
B_target_is_X1,1009,transfer_ridge_ada,30.37670771149042,5.511506845817251,0.9367175863395967,0.00031622776601683794,0.0001,0.01,0.0001,0.0031622776601683794,0.01,0.03162277660168379,1.0,no_whiten,163,False,0
B_target_is_X1,1009,pooled_ridge,29.344669104703105,5.417072004755254,0.938867585432603,0.00031622776601683794,0.0001,0.01,0.0001,0.0031622776601683794,0.01,0.03162277660168379,1.0,no_whiten,163,False,0
B_target_is_X1,1009,single_lasso,26.90601127851269,5.1871004692904,0.9439479303731703,0.00031622776601683794,0.0001,0.01,0.0001,0.0031622776601683794,0.01,0.03162277660168379,1.0,no_whiten,163,False,0
B_target_is_X1,1009,transfer_lasso,25.80790847727435,5.080148470003052,0.9462355579979153,0.00031622776601683794,0.0001,0.01,0.0001,0.0031622776601683794,0.01,0.03162277660168379,1.0,no_whiten,163,False,0
B_target_is_X1,1010,single_ridge,25.1312520222868,5.013108020209299,0.94764520561665,0.0001,0.0001,0.0031622776601683794,0.0001,0.01,0.001,0.01,0.7000000000000001,no_whiten,163,False,0
B_target_is_X1,1010,transfer_ridge,27.379041799567066,5.232498619165328,0.9429624874018098,0.0001,0.0001,0.0031622776601683794,0.0001,0.01,0.001,0.01,0.7000000000000001,no_whiten,163,False,0
B_target_is_X1,1010,transfer_ridge_ada,26.084920884628023,5.107339902985508,0.9456584706480381,0.0001,0.0001,0.0031622776601683794,0.0001,0.01,0.001,0.01,0.7000000000000001,no_whiten,163,False,0
B_target_is_X1,1010,pooled_ridge,28.601439639547934,5.348031379820797,0.9404159215757182,0.0001,0.0001,0.0031622776601683794,0.0001,0.01,0.001,0.01,0.7000000000000001,no_whiten,163,False,0
B_target_is_X1,1010,single_lasso,24.71336293316164,4.971253658098894,0.9485157749506725,0.0001,0.0001,0.0031622776601683794,0.0001,0.01,0.001,0.01,0.7000000000000001,no_whiten,163,False,0
B_target_is_X1,1010,transfer_lasso,21.483630012659606,4.635043690480124,0.9552441306575854,0.0001,0.0001,0.0031622776601683794,0.0001,0.01,0.001,0.01,0.7000000000000001,no_whiten,163,False,0
B_target_is_X1,1011,single_ridge,28.10076655097929,5.301015615047676,0.9414589510508133,0.0001,0.0001,0.01,0.0001,0.0031622776601683794,0.001,0.0031622776601683794,1.0,no_whiten,163,False,0
B_target_is_X1,1011,transfer_ridge,26.03761675886626,5.10270680706488,0.9457570171818734,0.0001,0.0001,0.01,0.0001,0.0031622776601683794,0.001,0.0031622776601683794,1.0,no_whiten,163,False,0
B_target_is_X1,1011,transfer_ridge_ada,26.03761675886626,5.10270680706488,0.9457570171818734,0.0001,0.0001,0.01,0.0001,0.0031622776601683794,0.001,0.0031622776601683794,1.0,no_whiten,163,False,0
B_target_is_X1,1011,pooled_ridge,29.148606316856586,5.398944926266297,0.9392760341217024,0.0001,0.0001,0.01,0.0001,0.0031622776601683794,0.001,0.0031622776601683794,1.0,no_whiten,163,False,0
B_target_is_X1,1011,single_lasso,26.324762453583723,5.13076626378397,0.9451588196152872,0.0001,0.0001,0.01,0.0001,0.0031622776601683794,0.001,0.0031622776601683794,1.0,no_whiten,163,False,0
B_target_is_X1,1011,transfer_lasso,23.160107539178263,4.812494939132743,0.9517516012718089,0.0001,0.0001,0.01,0.0001,0.0031622776601683794,0.001,0.0031622776601683794,1.0,no_whiten,163,False,0
B_target_is_X1,1012,single_ridge,31.658164266260503,5.62655882989421,0.9340479861789406,0.0001,0.0001,0.01,0.0001,0.01,0.001,0.03162277660168379,1.0,no_whiten,163,False,0
B_target_is_X1,1012,transfer_ridge,29.450541708112265,5.426835330845433,0.9386470258529449,0.0001,0.0001,0.01,0.0001,0.01,0.001,0.03162277660168379,1.0,no_whiten,163,False,0
B_target_is_X1,1012,transfer_ridge_ada,29.450541708112265,5.426835330845433,0.9386470258529449,0.0001,0.0001,0.01,0.0001,0.01,0.001,0.03162277660168379,1.0,no_whiten,163,False,0
B_target_is_X1,1012,pooled_ridge,28.17281453667815,5.307806942295297,0.9413088567589072,0.0001,0.0001,0.01,0.0001,0.01,0.001,0.03162277660168379,1.0,no_whiten,163,False,0
B_target_is_X1,1012,single_lasso,25.235762948653726,5.023520971256488,0.9474274827568457,0.0001,0.0001,0.01,0.0001,0.01,0.001,0.03162277660168379,1.0,no_whiten,163,False,0
B_target_is_X1,1012,transfer_lasso,23.299900977260403,4.826997097291483,0.9514603759599765,0.0001,0.0001,0.01,0.0001,0.01,0.001,0.03162277660168379,1.0,no_whiten,163,False,0
B_target_is_X1,1013,single_ridge,29.34187700114149,5.416814285273356,0.9388734020949696,0.001,0.0001,0.01,0.0001,0.01,0.001,0.03162277660168379,0.8,no_whiten,163,False,0
B_target_is_X1,1013,transfer_ridge,27.935084605628944,5.285365134560615,0.9418041087124435,0.001,0.0001,0.01,0.0001,0.01,0.001,0.03162277660168379,0.8,no_whiten,163,False,0
B_target_is_X1,1013,transfer_ridge_ada,27.103769171712173,5.2061280402725565,0.9435359503481814,0.001,0.0001,0.01,0.0001,0.01,0.001,0.03162277660168379,0.8,no_whiten,163,False,0
B_target_is_X1,1013,pooled_ridge,30.482344078916316,5.521081785204446,0.9364975188996186,0.001,0.0001,0.01,0.0001,0.01,0.001,0.03162277660168379,0.8,no_whiten,163,False,0
B_target_is_X1,1013,single_lasso,27.333780265941055,5.2281717900180995,0.9430567786963446,0.001,0.0001,0.01,0.0001,0.01,0.001,0.03162277660168379,0.8,no_whiten,163,False,0
B_target_is_X1,1013,transfer_lasso,26.64472060736113,5.16185243951831,0.9444922653450329,0.001,0.0001,0.01,0.0001,0.01,0.001,0.03162277660168379,0.8,no_whiten,163,False,0
B_target_is_X1,1014,single_ridge,30.82373904072029,5.551913097367455,0.9357863063021361,0.0001,0.0001,0.1,0.0001,0.01,0.01,0.01,0.7000000000000001,no_whiten,163,False,0
B_target_is_X1,1014,transfer_ridge,27.769248298744014,5.269653527390963,0.9421495879484384,0.0001,0.0001,0.1,0.0001,0.01,0.01,0.01,0.7000000000000001,no_whiten,163,False,0
B_target_is_X1,1014,transfer_ridge_ada,27.962496423044602,5.2879576797705745,0.9417470029198949,0.0001,0.0001,0.1,0.0001,0.01,0.01,0.01,0.7000000000000001,no_whiten,163,False,0
B_target_is_X1,1014,pooled_ridge,29.298628182590267,5.4128207233004,0.9389635003917263,0.0001,0.0001,0.1,0.0001,0.01,0.01,0.01,0.7000000000000001,no_whiten,163,False,0
B_target_is_X1,1014,single_lasso,28.82376951791354,5.368777283321924,0.9399527518515524,0.0001,0.0001,0.1,0.0001,0.01,0.01,0.01,0.7000000000000001,no_whiten,163,False,0
B_target_is_X1,1014,transfer_lasso,27.66861659358438,5.260096633483493,0.9423592294031262,0.0001,0.0001,0.1,0.0001,0.01,0.01,0.01,0.7000000000000001,no_whiten,163,False,0
B_target_is_X1,1015,single_ridge,30.911889048713643,5.5598461353452615,0.9356026673994945,0.0001,0.0001,0.0001,0.0001,0.0031622776601683794,0.01,0.0031622776601683794,1.0,no_whiten,163,False,0
B_target_is_X1,1015,transfer_ridge,30.021592966941252,5.479196379665658,0.9374573807365045,0.0001,0.0001,0.0001,0.0001,0.0031622776601683794,0.01,0.0031622776601683794,1.0,no_whiten,163,False,0
B_target_is_X1,1015,transfer_ridge_ada,30.021592966941252,5.479196379665658,0.9374573807365045,0.0001,0.0001,0.0001,0.0001,0.0031622776601683794,0.01,0.0031622776601683794,1.0,no_whiten,163,False,0
B_target_is_X1,1015,pooled_ridge,30.879324517408108,5.556916817571422,0.9356705076065475,0.0001,0.0001,0.0001,0.0001,0.0031622776601683794,0.01,0.0031622776601683794,1.0,no_whiten,163,False,0
B_target_is_X1,1015,single_lasso,34.56556406355594,5.8792485968494255,0.9279911324080816,0.0001,0.0001,0.0001,0.0001,0.0031622776601683794,0.01,0.0031622776601683794,1.0,no_whiten,163,False,0
B_target_is_X1,1015,transfer_lasso,32.69339225954783,5.717813590835909,0.9318913427820903,0.0001,0.0001,0.0001,0.0001,0.0031622776601683794,0.01,0.0031622776601683794,1.0,no_whiten,163,False,0
B_target_is_X1,1016,single_ridge,28.360935586035176,5.325498623230991,0.9409169527324173,0.0001,0.0001,0.0031622776601683794,0.0001,0.001,0.001,0.01,0.8,no_whiten,163,False,0
B_target_is_X1,1016,transfer_ridge,27.320305812637496,5.226882992055351,0.9430848494121017,0.0001,0.0001,0.0031622776601683794,0.0001,0.001,0.001,0.01,0.8,no_whiten,163,False,0
B_target_is_X1,1016,transfer_ridge_ada,27.07034856167209,5.202917312592243,0.943605573985128,0.0001,0.0001,0.0031622776601683794,0.0001,0.001,0.001,0.01,0.8,no_whiten,163,False,0
B_target_is_X1,1016,pooled_ridge,29.259131041648196,5.409171012424011,0.939045782989144,0.0001,0.0001,0.0031622776601683794,0.0001,0.001,0.001,0.01,0.8,no_whiten,163,False,0
B_target_is_X1,1016,single_lasso,26.40476543703964,5.1385567465037925,0.9449921530383426,0.0001,0.0001,0.0031622776601683794,0.0001,0.001,0.001,0.01,0.8,no_whiten,163,False,0
B_target_is_X1,1016,transfer_lasso,23.776603239819952,4.876125843312491,0.9504672838165269,0.0001,0.0001,0.0031622776601683794,0.0001,0.001,0.001,0.01,0.8,no_whiten,163,False,0
B_target_is_X1,1017,single_ridge,26.651215603269378,5.162481535392585,0.944478734615446,0.0001,0.0001,0.01,0.0001,0.01,0.0031622776601683794,0.01,1.0,no_whiten,163,False,0
B_target_is_X1,1017,transfer_ridge,26.74777913721861,5.17182551302909,0.9442775681968227,0.0001,0.0001,0.01,0.0001,0.01,0.0031622776601683794,0.01,1.0,no_whiten,163,False,0
B_target_is_X1,1017,transfer_ridge_ada,26.74777913721861,5.17182551302909,0.9442775681968227,0.0001,0.0001,0.01,0.0001,0.01,0.0031622776601683794,0.01,1.0,no_whiten,163,False,0
B_target_is_X1,1017,pooled_ridge,25.488427144495162,5.0486064556959835,0.9469011189286696,0.0001,0.0001,0.01,0.0001,0.01,0.0031622776601683794,0.01,1.0,no_whiten,163,False,0
B_target_is_X1,1017,single_lasso,25.06505311053062,5.006501084642909,0.9477831147988238,0.0001,0.0001,0.01,0.0001,0.01,0.0031622776601683794,0.01,1.0,no_whiten,163,False,0
B_target_is_X1,1017,transfer_lasso,25.74664768226148,5.074115458113018,0.9463631798260603,0.0001,0.0001,0.01,0.0001,0.01,0.0031622776601683794,0.01,1.0,no_whiten,163,False,0
B_target_is_X1,1018,single_ridge,29.855215645620117,5.463992646922223,0.9378039870432693,0.0001,0.0001,0.0031622776601683794,0.0001,0.0031622776601683794,0.01,0.01,1.0,no_whiten,163,False,0
B_target_is_X1,1018,transfer_ridge,27.648555446506307,5.258189369593521,0.9424010218784646,0.0001,0.0001,0.0031622776601683794,0.0001,0.0031622776601683794,0.01,0.01,1.0,no_whiten,163,False,0
B_target_is_X1,1018,transfer_ridge_ada,27.648555446506307,5.258189369593521,0.9424010218784646,0.0001,0.0001,0.0031622776601683794,0.0001,0.0031622776601683794,0.01,0.01,1.0,no_whiten,163,False,0
B_target_is_X1,1018,pooled_ridge,29.026036835543298,5.387581724256561,0.9395313775477339,0.0001,0.0001,0.0031622776601683794,0.0001,0.0031622776601683794,0.01,0.01,1.0,no_whiten,163,False,0
B_target_is_X1,1018,single_lasso,28.97114590566999,5.382485105011438,0.9396457293255315,0.0001,0.0001,0.0031622776601683794,0.0001,0.0031622776601683794,0.01,0.01,1.0,no_whiten,163,False,0
B_target_is_X1,1018,transfer_lasso,26.852837421982738,5.181972348631623,0.9440587050501631,0.0001,0.0001,0.0031622776601683794,0.0001,0.0031622776601683794,0.01,0.01,1.0,no_whiten,163,False,0
B_target_is_X1,1019,single_ridge,33.480643093558236,5.786246027741841,0.930251298923305,0.00031622776601683794,0.0001,0.01,0.0001,0.01,0.001,0.01,1.0,no_whiten,163,False,0
B_target_is_X1,1019,transfer_ridge,29.009876169823528,5.386081708424365,0.9395650443276502,0.00031622776601683794,0.0001,0.01,0.0001,0.01,0.001,0.01,1.0,no_whiten,163,False,0
B_target_is_X1,1019,transfer_ridge_ada,29.009876169823528,5.386081708424365,0.9395650443276502,0.00031622776601683794,0.0001,0.01,0.0001,0.01,0.001,0.01,1.0,no_whiten,163,False,0
B_target_is_X1,1019,pooled_ridge,29.70306139472362,5.450051503859722,0.9381209630742754,0.00031622776601683794,0.0001,0.01,0.0001,0.01,0.001,0.01,1.0,no_whiten,163,False,0
B_target_is_X1,1019,single_lasso,30.72188537069678,5.542732662748293,0.9359984934206506,0.00031622776601683794,0.0001,0.01,0.0001,0.01,0.001,0.01,1.0,no_whiten,163,False,0
B_target_is_X1,1019,transfer_lasso,24.697303807817313,4.969638196872818,0.9485492301961427,0.00031622776601683794,0.0001,0.01,0.0001,0.01,0.001,0.01,1.0,no_whiten,163,False,0
